snapshot_id,demand_bucket_id,role_side,buyer_count,agent_type,info_delay_months,target_zone,need_school_district,property_type_target,target_buy_price_low,target_buy_price_high,buyer_max_price_low,buyer_max_price_high,primary_supply_bucket_ids,secondary_supply_bucket_ids,eligible_supply_bucket_ids,affordable_supply_bucket_ids,primary_selected_supply_count,eligible_selected_supply_count,affordable_selected_supply_count,competition_ratio,coverage_status,coverage_reason
spindle_minimum,ASSET_REALLOCATOR,buyer_seller,3,smart,0,A,0,IMPROVE,3000000.0,8000000.0,4000000.0,10000000.0,CORE_NONSCHOOL_IMPROVE|SUBCORE_IMPROVE_FAMILY,CORE_LUXURY_PRESERVATION|SENIOR_FRIENDLY_COMFORT,CORE_LUXURY_PRESERVATION|CORE_NONSCHOOL_IMPROVE|SUBCORE_IMPROVE_FAMILY,CORE_NONSCHOOL_IMPROVE|SUBCORE_IMPROVE_FAMILY,9,10,9,0.3,ok,
spindle_minimum,HNW_CORE_PRESERVATION,buyer,3,smart,0,A,0,LUXURY,10000000.0,18000000.0,13000000.0,22000000.0,CORE_LUXURY_PRESERVATION,CORE_NONSCHOOL_IMPROVE,CORE_LUXURY_PRESERVATION|CORE_NONSCHOOL_IMPROVE,CORE_LUXURY_PRESERVATION|CORE_NONSCHOOL_IMPROVE,1,6,6,0.5,ok,
spindle_minimum,HNW_PRIVATE_EDU,buyer,2,smart,0,A,0,LUXURY,9000000.0,16000000.0,12000000.0,20000000.0,CORE_LUXURY_PRESERVATION,CORE_NONSCHOOL_IMPROVE,CORE_LUXURY_PRESERVATION|CORE_NONSCHOOL_IMPROVE,CORE_LUXURY_PRESERVATION|CORE_NONSCHOOL_IMPROVE,1,6,6,0.3333,ok,
spindle_minimum,HOUSEHOLD_SPLIT_MULTIUNIT,buyer,4,normal,1,B,0,STARTER,900000.0,1500000.0,1200000.0,2200000.0,SUBCORE_NONSCHOOL_STARTER|PERIPHERAL_COST_STARTER,SUBCORE_GENERAL_SCHOOL_STARTER,SUBCORE_NONSCHOOL_STARTER|PERIPHERAL_COST_STARTER,SUBCORE_NONSCHOOL_STARTER|PERIPHERAL_COST_STARTER,9,9,9,0.4444,ok,
spindle_minimum,MID_DUALCARE_BALANCED,buyer,5,normal,1,A,0,IMPROVE,3200000.0,4800000.0,3800000.0,5600000.0,CORE_NONSCHOOL_IMPROVE|SUBCORE_IMPROVE_FAMILY,,SUBCORE_IMPROVE_FAMILY|CORE_NONSCHOOL_IMPROVE,SUBCORE_IMPROVE_FAMILY|CORE_NONSCHOOL_IMPROVE,9,9,9,0.5556,ok,
spindle_minimum,MULTI_CHILD_EXPAND,buyer,4,normal,1,B,0,IMPROVE,2200000.0,3800000.0,2800000.0,4500000.0,PERIPHERAL_MULTI_CHILD_LARGE|SUBCORE_IMPROVE_FAMILY,,PERIPHERAL_MULTI_CHILD_LARGE|SUBCORE_IMPROVE_FAMILY,PERIPHERAL_MULTI_CHILD_LARGE|SUBCORE_IMPROVE_FAMILY,8,8,8,0.5,ok,
spindle_minimum,SILVER_COMFORT_HEALTH,buyer,4,normal,1,A,0,SENIOR_FRIENDLY,2800000.0,5200000.0,3400000.0,6200000.0,SENIOR_FRIENDLY_COMFORT,CORE_NONSCHOOL_IMPROVE,SENIOR_FRIENDLY_COMFORT|CORE_NONSCHOOL_IMPROVE,SENIOR_FRIENDLY_COMFORT|CORE_NONSCHOOL_IMPROVE,3,8,8,0.5,ok,
spindle_minimum,UPGRADE_YOUNG_COMFORT,buyer,6,normal,0,A,0,IMPROVE,3600000.0,5200000.0,4200000.0,5800000.0,CORE_NONSCHOOL_IMPROVE|SUBCORE_IMPROVE_FAMILY,CORE_STRONG_SCHOOL_IMPROVE,CORE_NONSCHOOL_IMPROVE|SUBCORE_IMPROVE_FAMILY,CORE_NONSCHOOL_IMPROVE|SUBCORE_IMPROVE_FAMILY,9,9,9,0.6667,ok,
spindle_minimum,UPGRADE_YOUNG_SCHOOL,buyer,6,normal,0,A,1,IMPROVE,4500000.0,6200000.0,5200000.0,7000000.0,CORE_STRONG_SCHOOL_IMPROVE,SUBCORE_IMPROVE_FAMILY,CORE_STRONG_SCHOOL_IMPROVE|SUBCORE_IMPROVE_FAMILY,CORE_STRONG_SCHOOL_IMPROVE|SUBCORE_IMPROVE_FAMILY,5,9,9,0.6667,ok,
spindle_minimum,Y_ENTRY_FAMILY_NONSCHOOL,buyer,6,normal,0,B,0,STARTER_UPGRADE,1000000.0,1600000.0,1300000.0,2000000.0,SUBCORE_NONSCHOOL_STARTER|PERIPHERAL_COST_STARTER,SUBCORE_GENERAL_SCHOOL_STARTER,SUBCORE_NONSCHOOL_STARTER|PERIPHERAL_COST_STARTER,SUBCORE_NONSCHOOL_STARTER|PERIPHERAL_COST_STARTER,9,9,9,0.6667,ok,
spindle_minimum,Y_ENTRY_FAMILY_SCHOOL,buyer,8,normal,0,B,1,STARTER_UPGRADE,1200000.0,1800000.0,1500000.0,2200000.0,SUBCORE_GENERAL_SCHOOL_STARTER,CORE_STRONG_SCHOOL_STARTER|SUBCORE_IMPROVE_FAMILY,SUBCORE_GENERAL_SCHOOL_STARTER|CORE_STRONG_SCHOOL_STARTER,SUBCORE_GENERAL_SCHOOL_STARTER,5,8,5,1.0,ok,
spindle_minimum,Y_ENTRY_SOLO_COST,buyer,6,normal,0,B,0,STARTER,700000.0,1200000.0,900000.0,1450000.0,SUBCORE_NONSCHOOL_STARTER|PERIPHERAL_COST_STARTER,SUBCORE_GENERAL_SCHOOL_STARTER,PERIPHERAL_COST_STARTER|SUBCORE_NONSCHOOL_STARTER,PERIPHERAL_COST_STARTER|SUBCORE_NONSCHOOL_STARTER,9,9,9,0.6667,ok,
spindle_medium,ASSET_REALLOCATOR,buyer_seller,3,smart,0,A,0,IMPROVE,3000000.0,8000000.0,4000000.0,10000000.0,CORE_NONSCHOOL_IMPROVE|SUBCORE_IMPROVE_FAMILY,CORE_LUXURY_PRESERVATION|SENIOR_FRIENDLY_COMFORT,CORE_LUXURY_PRESERVATION|CORE_NONSCHOOL_IMPROVE|SUBCORE_IMPROVE_FAMILY,CORE_NONSCHOOL_IMPROVE|SUBCORE_IMPROVE_FAMILY,21,24,21,0.125,ok,
spindle_medium,HNW_CORE_PRESERVATION,buyer,3,smart,0,A,0,LUXURY,10000000.0,18000000.0,13000000.0,22000000.0,CORE_LUXURY_PRESERVATION,CORE_NONSCHOOL_IMPROVE,CORE_LUXURY_PRESERVATION|CORE_NONSCHOOL_IMPROVE,CORE_LUXURY_PRESERVATION|CORE_NONSCHOOL_IMPROVE,3,15,15,0.2,ok,
spindle_medium,HNW_PRIVATE_EDU,buyer,2,smart,0,A,0,LUXURY,9000000.0,16000000.0,12000000.0,20000000.0,CORE_LUXURY_PRESERVATION,CORE_NONSCHOOL_IMPROVE,CORE_LUXURY_PRESERVATION|CORE_NONSCHOOL_IMPROVE,CORE_LUXURY_PRESERVATION|CORE_NONSCHOOL_IMPROVE,3,15,15,0.1333,ok,
spindle_medium,HOUSEHOLD_SPLIT_MULTIUNIT,buyer,4,normal,1,B,0,STARTER,900000.0,1500000.0,1200000.0,2200000.0,SUBCORE_NONSCHOOL_STARTER|PERIPHERAL_COST_STARTER,SUBCORE_GENERAL_SCHOOL_STARTER,SUBCORE_NONSCHOOL_STARTER|PERIPHERAL_COST_STARTER,SUBCORE_NONSCHOOL_STARTER|PERIPHERAL_COST_STARTER,21,21,21,0.1905,ok,
spindle_medium,MID_DUALCARE_BALANCED,buyer,5,normal,1,A,0,IMPROVE,3200000.0,4800000.0,3800000.0,5600000.0,CORE_NONSCHOOL_IMPROVE|SUBCORE_IMPROVE_FAMILY,,SUBCORE_IMPROVE_FAMILY|CORE_NONSCHOOL_IMPROVE,SUBCORE_IMPROVE_FAMILY|CORE_NONSCHOOL_IMPROVE,21,21,21,0.2381,ok,
spindle_medium,MULTI_CHILD_EXPAND,buyer,4,normal,1,B,0,IMPROVE,2200000.0,3800000.0,2800000.0,4500000.0,PERIPHERAL_MULTI_CHILD_LARGE|SUBCORE_IMPROVE_FAMILY,,PERIPHERAL_MULTI_CHILD_LARGE|SUBCORE_IMPROVE_FAMILY,PERIPHERAL_MULTI_CHILD_LARGE|SUBCORE_IMPROVE_FAMILY,17,17,17,0.2353,ok,
spindle_medium,SILVER_COMFORT_HEALTH,buyer,4,normal,1,A,0,SENIOR_FRIENDLY,2800000.0,5200000.0,3400000.0,6200000.0,SENIOR_FRIENDLY_COMFORT,CORE_NONSCHOOL_IMPROVE,SENIOR_FRIENDLY_COMFORT|CORE_NONSCHOOL_IMPROVE,SENIOR_FRIENDLY_COMFORT|CORE_NONSCHOOL_IMPROVE,7,19,19,0.2105,ok,
spindle_medium,UPGRADE_YOUNG_COMFORT,buyer,6,normal,0,A,0,IMPROVE,3600000.0,5200000.0,4200000.0,5800000.0,CORE_NONSCHOOL_IMPROVE|SUBCORE_IMPROVE_FAMILY,CORE_STRONG_SCHOOL_IMPROVE,CORE_NONSCHOOL_IMPROVE|SUBCORE_IMPROVE_FAMILY,CORE_NONSCHOOL_IMPROVE|SUBCORE_IMPROVE_FAMILY,21,21,21,0.2857,ok,
spindle_medium,UPGRADE_YOUNG_SCHOOL,buyer,6,normal,0,A,1,IMPROVE,4500000.0,6200000.0,5200000.0,7000000.0,CORE_STRONG_SCHOOL_IMPROVE,SUBCORE_IMPROVE_FAMILY,CORE_STRONG_SCHOOL_IMPROVE|SUBCORE_IMPROVE_FAMILY,CORE_STRONG_SCHOOL_IMPROVE|SUBCORE_IMPROVE_FAMILY,12,21,21,0.2857,ok,
spindle_medium,Y_ENTRY_FAMILY_NONSCHOOL,buyer,6,normal,0,B,0,STARTER_UPGRADE,1000000.0,1600000.0,1300000.0,2000000.0,SUBCORE_NONSCHOOL_STARTER|PERIPHERAL_COST_STARTER,SUBCORE_GENERAL_SCHOOL_STARTER,SUBCORE_NONSCHOOL_STARTER|PERIPHERAL_COST_STARTER,SUBCORE_NONSCHOOL_STARTER|PERIPHERAL_COST_STARTER,21,21,21,0.2857,ok,
spindle_medium,Y_ENTRY_FAMILY_SCHOOL,buyer,8,normal,0,B,1,STARTER_UPGRADE,1200000.0,1800000.0,1500000.0,2200000.0,SUBCORE_GENERAL_SCHOOL_STARTER,CORE_STRONG_SCHOOL_STARTER|SUBCORE_IMPROVE_FAMILY,SUBCORE_GENERAL_SCHOOL_STARTER|CORE_STRONG_SCHOOL_STARTER,SUBCORE_GENERAL_SCHOOL_STARTER,11,19,11,0.4211,ok,
spindle_medium,Y_ENTRY_SOLO_COST,buyer,6,normal,0,B,0,STARTER,700000.0,1200000.0,900000.0,1450000.0,SUBCORE_NONSCHOOL_STARTER|PERIPHERAL_COST_STARTER,SUBCORE_GENERAL_SCHOOL_STARTER,PERIPHERAL_COST_STARTER|SUBCORE_NONSCHOOL_STARTER,PERIPHERAL_COST_STARTER|SUBCORE_NONSCHOOL_STARTER,21,21,21,0.2857,ok,
spindle_large,ASSET_REALLOCATOR,buyer_seller,3,smart,0,A,0,IMPROVE,3000000.0,8000000.0,4000000.0,10000000.0,CORE_NONSCHOOL_IMPROVE|SUBCORE_IMPROVE_FAMILY,CORE_LUXURY_PRESERVATION|SENIOR_FRIENDLY_COMFORT,CORE_LUXURY_PRESERVATION|CORE_NONSCHOOL_IMPROVE|SUBCORE_IMPROVE_FAMILY,CORE_NONSCHOOL_IMPROVE|SUBCORE_IMPROVE_FAMILY,38,44,38,0.0682,ok,
spindle_large,HNW_CORE_PRESERVATION,buyer,3,smart,0,A,0,LUXURY,10000000.0,18000000.0,13000000.0,22000000.0,CORE_LUXURY_PRESERVATION,CORE_NONSCHOOL_IMPROVE,CORE_LUXURY_PRESERVATION|CORE_NONSCHOOL_IMPROVE,CORE_LUXURY_PRESERVATION|CORE_NONSCHOOL_IMPROVE,6,27,27,0.1111,ok,
spindle_large,HNW_PRIVATE_EDU,buyer,2,smart,0,A,0,LUXURY,9000000.0,16000000.0,12000000.0,20000000.0,CORE_LUXURY_PRESERVATION,CORE_NONSCHOOL_IMPROVE,CORE_LUXURY_PRESERVATION|CORE_NONSCHOOL_IMPROVE,CORE_LUXURY_PRESERVATION|CORE_NONSCHOOL_IMPROVE,6,27,27,0.0741,ok,
spindle_large,HOUSEHOLD_SPLIT_MULTIUNIT,buyer,4,normal,1,B,0,STARTER,900000.0,1500000.0,1200000.0,2200000.0,SUBCORE_NONSCHOOL_STARTER|PERIPHERAL_COST_STARTER,SUBCORE_GENERAL_SCHOOL_STARTER,SUBCORE_NONSCHOOL_STARTER|PERIPHERAL_COST_STARTER,SUBCORE_NONSCHOOL_STARTER|PERIPHERAL_COST_STARTER,38,38,38,0.1053,ok,
spindle_large,MID_DUALCARE_BALANCED,buyer,5,normal,1,A,0,IMPROVE,3200000.0,4800000.0,3800000.0,5600000.0,CORE_NONSCHOOL_IMPROVE|SUBCORE_IMPROVE_FAMILY,,SUBCORE_IMPROVE_FAMILY|CORE_NONSCHOOL_IMPROVE,SUBCORE_IMPROVE_FAMILY|CORE_NONSCHOOL_IMPROVE,38,38,38,0.1316,ok,
spindle_large,MULTI_CHILD_EXPAND,buyer,4,normal,1,B,0,IMPROVE,2200000.0,3800000.0,2800000.0,4500000.0,PERIPHERAL_MULTI_CHILD_LARGE|SUBCORE_IMPROVE_FAMILY,,PERIPHERAL_MULTI_CHILD_LARGE|SUBCORE_IMPROVE_FAMILY,PERIPHERAL_MULTI_CHILD_LARGE|SUBCORE_IMPROVE_FAMILY,31,31,31,0.129,ok,
spindle_large,SILVER_COMFORT_HEALTH,buyer,4,normal,1,A,0,SENIOR_FRIENDLY,2800000.0,5200000.0,3400000.0,6200000.0,SENIOR_FRIENDLY_COMFORT,CORE_NONSCHOOL_IMPROVE,SENIOR_FRIENDLY_COMFORT|CORE_NONSCHOOL_IMPROVE,SENIOR_FRIENDLY_COMFORT|CORE_NONSCHOOL_IMPROVE,12,33,33,0.1212,ok,
spindle_large,UPGRADE_YOUNG_COMFORT,buyer,6,normal,0,A,0,IMPROVE,3600000.0,5200000.0,4200000.0,5800000.0,CORE_NONSCHOOL_IMPROVE|SUBCORE_IMPROVE_FAMILY,CORE_STRONG_SCHOOL_IMPROVE,CORE_NONSCHOOL_IMPROVE|SUBCORE_IMPROVE_FAMILY,CORE_NONSCHOOL_IMPROVE|SUBCORE_IMPROVE_FAMILY,38,38,38,0.1579,ok,
spindle_large,UPGRADE_YOUNG_SCHOOL,buyer,6,normal,0,A,1,IMPROVE,4500000.0,6200000.0,5200000.0,7000000.0,CORE_STRONG_SCHOOL_IMPROVE,SUBCORE_IMPROVE_FAMILY,CORE_STRONG_SCHOOL_IMPROVE|SUBCORE_IMPROVE_FAMILY,CORE_STRONG_SCHOOL_IMPROVE|SUBCORE_IMPROVE_FAMILY,21,38,38,0.1579,ok,
spindle_large,Y_ENTRY_FAMILY_NONSCHOOL,buyer,6,normal,0,B,0,STARTER_UPGRADE,1000000.0,1600000.0,1300000.0,2000000.0,SUBCORE_NONSCHOOL_STARTER|PERIPHERAL_COST_STARTER,SUBCORE_GENERAL_SCHOOL_STARTER,SUBCORE_NONSCHOOL_STARTER|PERIPHERAL_COST_STARTER,SUBCORE_NONSCHOOL_STARTER|PERIPHERAL_COST_STARTER,38,38,38,0.1579,ok,
spindle_large,Y_ENTRY_FAMILY_SCHOOL,buyer,8,normal,0,B,1,STARTER_UPGRADE,1200000.0,1800000.0,1500000.0,2200000.0,SUBCORE_GENERAL_SCHOOL_STARTER,CORE_STRONG_SCHOOL_STARTER|SUBCORE_IMPROVE_FAMILY,SUBCORE_GENERAL_SCHOOL_STARTER|CORE_STRONG_SCHOOL_STARTER,SUBCORE_GENERAL_SCHOOL_STARTER,21,35,21,0.2286,ok,
spindle_large,Y_ENTRY_SOLO_COST,buyer,6,normal,0,B,0,STARTER,700000.0,1200000.0,900000.0,1450000.0,SUBCORE_NONSCHOOL_STARTER|PERIPHERAL_COST_STARTER,SUBCORE_GENERAL_SCHOOL_STARTER,PERIPHERAL_COST_STARTER|SUBCORE_NONSCHOOL_STARTER,PERIPHERAL_COST_STARTER|SUBCORE_NONSCHOOL_STARTER,38,38,38,0.1579,ok,
pyramid_minimum,ASSET_REALLOCATOR,buyer_seller,3,smart,0,A,0,IMPROVE,3000000.0,8000000.0,4000000.0,10000000.0,CORE_NONSCHOOL_IMPROVE|SUBCORE_IMPROVE_FAMILY,CORE_LUXURY_PRESERVATION|SENIOR_FRIENDLY_COMFORT,CORE_LUXURY_PRESERVATION|CORE_NONSCHOOL_IMPROVE|SUBCORE_IMPROVE_FAMILY,CORE_NONSCHOOL_IMPROVE|SUBCORE_IMPROVE_FAMILY,7,8,7,0.375,ok,
pyramid_minimum,HNW_CORE_PRESERVATION,buyer,3,smart,0,A,0,LUXURY,10000000.0,18000000.0,13000000.0,22000000.0,CORE_LUXURY_PRESERVATION,CORE_NONSCHOOL_IMPROVE,CORE_LUXURY_PRESERVATION|CORE_NONSCHOOL_IMPROVE,CORE_LUXURY_PRESERVATION|CORE_NONSCHOOL_IMPROVE,1,5,5,0.6,ok,
pyramid_minimum,HNW_PRIVATE_EDU,buyer,2,smart,0,A,0,LUXURY,9000000.0,16000000.0,12000000.0,20000000.0,CORE_LUXURY_PRESERVATION,CORE_NONSCHOOL_IMPROVE,CORE_LUXURY_PRESERVATION|CORE_NONSCHOOL_IMPROVE,CORE_LUXURY_PRESERVATION|CORE_NONSCHOOL_IMPROVE,1,5,5,0.4,ok,
pyramid_minimum,HOUSEHOLD_SPLIT_MULTIUNIT,buyer,4,normal,1,B,0,STARTER,900000.0,1500000.0,1200000.0,2200000.0,SUBCORE_NONSCHOOL_STARTER|PERIPHERAL_COST_STARTER,SUBCORE_GENERAL_SCHOOL_STARTER,SUBCORE_NONSCHOOL_STARTER|PERIPHERAL_COST_STARTER,SUBCORE_NONSCHOOL_STARTER|PERIPHERAL_COST_STARTER,11,11,11,0.3636,ok,
pyramid_minimum,MID_DUALCARE_BALANCED,buyer,5,normal,1,A,0,IMPROVE,3200000.0,4800000.0,3800000.0,5600000.0,CORE_NONSCHOOL_IMPROVE|SUBCORE_IMPROVE_FAMILY,,SUBCORE_IMPROVE_FAMILY|CORE_NONSCHOOL_IMPROVE,SUBCORE_IMPROVE_FAMILY|CORE_NONSCHOOL_IMPROVE,7,7,7,0.7143,ok,
pyramid_minimum,MULTI_CHILD_EXPAND,buyer,4,normal,1,B,0,IMPROVE,2200000.0,3800000.0,2800000.0,4500000.0,PERIPHERAL_MULTI_CHILD_LARGE|SUBCORE_IMPROVE_FAMILY,,PERIPHERAL_MULTI_CHILD_LARGE|SUBCORE_IMPROVE_FAMILY,PERIPHERAL_MULTI_CHILD_LARGE|SUBCORE_IMPROVE_FAMILY,6,6,6,0.6667,ok,
pyramid_minimum,SILVER_COMFORT_HEALTH,buyer,4,normal,1,A,0,SENIOR_FRIENDLY,2800000.0,5200000.0,3400000.0,6200000.0,SENIOR_FRIENDLY_COMFORT,CORE_NONSCHOOL_IMPROVE,SENIOR_FRIENDLY_COMFORT|CORE_NONSCHOOL_IMPROVE,SENIOR_FRIENDLY_COMFORT|CORE_NONSCHOOL_IMPROVE,3,7,7,0.5714,ok,
pyramid_minimum,UPGRADE_YOUNG_COMFORT,buyer,6,normal,0,A,0,IMPROVE,3600000.0,5200000.0,4200000.0,5800000.0,CORE_NONSCHOOL_IMPROVE|SUBCORE_IMPROVE_FAMILY,CORE_STRONG_SCHOOL_IMPROVE,CORE_NONSCHOOL_IMPROVE|SUBCORE_IMPROVE_FAMILY,CORE_NONSCHOOL_IMPROVE|SUBCORE_IMPROVE_FAMILY,7,7,7,0.8571,ok,
pyramid_minimum,UPGRADE_YOUNG_SCHOOL,buyer,6,normal,0,A,1,IMPROVE,4500000.0,6200000.0,5200000.0,7000000.0,CORE_STRONG_SCHOOL_IMPROVE,SUBCORE_IMPROVE_FAMILY,CORE_STRONG_SCHOOL_IMPROVE|SUBCORE_IMPROVE_FAMILY,CORE_STRONG_SCHOOL_IMPROVE|SUBCORE_IMPROVE_FAMILY,4,7,7,0.8571,ok,
pyramid_minimum,Y_ENTRY_FAMILY_NONSCHOOL,buyer,6,normal,0,B,0,STARTER_UPGRADE,1000000.0,1600000.0,1300000.0,2000000.0,SUBCORE_NONSCHOOL_STARTER|PERIPHERAL_COST_STARTER,SUBCORE_GENERAL_SCHOOL_STARTER,SUBCORE_NONSCHOOL_STARTER|PERIPHERAL_COST_STARTER,SUBCORE_NONSCHOOL_STARTER|PERIPHERAL_COST_STARTER,11,11,11,0.5455,ok,
pyramid_minimum,Y_ENTRY_FAMILY_SCHOOL,buyer,8,normal,0,B,1,STARTER_UPGRADE,1200000.0,1800000.0,1500000.0,2200000.0,SUBCORE_GENERAL_SCHOOL_STARTER,CORE_STRONG_SCHOOL_STARTER|SUBCORE_IMPROVE_FAMILY,SUBCORE_GENERAL_SCHOOL_STARTER|CORE_STRONG_SCHOOL_STARTER,SUBCORE_GENERAL_SCHOOL_STARTER,6,10,6,0.8,ok,
pyramid_minimum,Y_ENTRY_SOLO_COST,buyer,6,normal,0,B,0,STARTER,700000.0,1200000.0,900000.0,1450000.0,SUBCORE_NONSCHOOL_STARTER|PERIPHERAL_COST_STARTER,SUBCORE_GENERAL_SCHOOL_STARTER,PERIPHERAL_COST_STARTER|SUBCORE_NONSCHOOL_STARTER,PERIPHERAL_COST_STARTER|SUBCORE_NONSCHOOL_STARTER,11,11,11,0.5455,ok,
pyramid_medium,ASSET_REALLOCATOR,buyer_seller,3,smart,0,A,0,IMPROVE,3000000.0,8000000.0,4000000.0,10000000.0,CORE_NONSCHOOL_IMPROVE|SUBCORE_IMPROVE_FAMILY,CORE_LUXURY_PRESERVATION|SENIOR_FRIENDLY_COMFORT,CORE_LUXURY_PRESERVATION|CORE_NONSCHOOL_IMPROVE|SUBCORE_IMPROVE_FAMILY,CORE_NONSCHOOL_IMPROVE|SUBCORE_IMPROVE_FAMILY,18,20,18,0.15,ok,
pyramid_medium,HNW_CORE_PRESERVATION,buyer,3,smart,0,A,0,LUXURY,10000000.0,18000000.0,13000000.0,22000000.0,CORE_LUXURY_PRESERVATION,CORE_NONSCHOOL_IMPROVE,CORE_LUXURY_PRESERVATION|CORE_NONSCHOOL_IMPROVE,CORE_LUXURY_PRESERVATION|CORE_NONSCHOOL_IMPROVE,2,12,12,0.25,ok,
pyramid_medium,HNW_PRIVATE_EDU,buyer,2,smart,0,A,0,LUXURY,9000000.0,16000000.0,12000000.0,20000000.0,CORE_LUXURY_PRESERVATION,CORE_NONSCHOOL_IMPROVE,CORE_LUXURY_PRESERVATION|CORE_NONSCHOOL_IMPROVE,CORE_LUXURY_PRESERVATION|CORE_NONSCHOOL_IMPROVE,2,12,12,0.1667,ok,
pyramid_medium,HOUSEHOLD_SPLIT_MULTIUNIT,buyer,4,normal,1,B,0,STARTER,900000.0,1500000.0,1200000.0,2200000.0,SUBCORE_NONSCHOOL_STARTER|PERIPHERAL_COST_STARTER,SUBCORE_GENERAL_SCHOOL_STARTER,SUBCORE_NONSCHOOL_STARTER|PERIPHERAL_COST_STARTER,SUBCORE_NONSCHOOL_STARTER|PERIPHERAL_COST_STARTER,26,26,26,0.1538,ok,
pyramid_medium,MID_DUALCARE_BALANCED,buyer,5,normal,1,A,0,IMPROVE,3200000.0,4800000.0,3800000.0,5600000.0,CORE_NONSCHOOL_IMPROVE|SUBCORE_IMPROVE_FAMILY,,SUBCORE_IMPROVE_FAMILY|CORE_NONSCHOOL_IMPROVE,SUBCORE_IMPROVE_FAMILY|CORE_NONSCHOOL_IMPROVE,18,18,18,0.2778,ok,
pyramid_medium,MULTI_CHILD_EXPAND,buyer,4,normal,1,B,0,IMPROVE,2200000.0,3800000.0,2800000.0,4500000.0,PERIPHERAL_MULTI_CHILD_LARGE|SUBCORE_IMPROVE_FAMILY,,PERIPHERAL_MULTI_CHILD_LARGE|SUBCORE_IMPROVE_FAMILY,PERIPHERAL_MULTI_CHILD_LARGE|SUBCORE_IMPROVE_FAMILY,15,15,15,0.2667,ok,
pyramid_medium,SILVER_COMFORT_HEALTH,buyer,4,normal,1,A,0,SENIOR_FRIENDLY,2800000.0,5200000.0,3400000.0,6200000.0,SENIOR_FRIENDLY_COMFORT,CORE_NONSCHOOL_IMPROVE,SENIOR_FRIENDLY_COMFORT|CORE_NONSCHOOL_IMPROVE,SENIOR_FRIENDLY_COMFORT|CORE_NONSCHOOL_IMPROVE,6,16,16,0.25,ok,
pyramid_medium,UPGRADE_YOUNG_COMFORT,buyer,6,normal,0,A,0,IMPROVE,3600000.0,5200000.0,4200000.0,5800000.0,CORE_NONSCHOOL_IMPROVE|SUBCORE_IMPROVE_FAMILY,CORE_STRONG_SCHOOL_IMPROVE,CORE_NONSCHOOL_IMPROVE|SUBCORE_IMPROVE_FAMILY,CORE_NONSCHOOL_IMPROVE|SUBCORE_IMPROVE_FAMILY,18,18,18,0.3333,ok,
pyramid_medium,UPGRADE_YOUNG_SCHOOL,buyer,6,normal,0,A,1,IMPROVE,4500000.0,6200000.0,5200000.0,7000000.0,CORE_STRONG_SCHOOL_IMPROVE,SUBCORE_IMPROVE_FAMILY,CORE_STRONG_SCHOOL_IMPROVE|SUBCORE_IMPROVE_FAMILY,CORE_STRONG_SCHOOL_IMPROVE|SUBCORE_IMPROVE_FAMILY,10,18,18,0.3333,ok,
pyramid_medium,Y_ENTRY_FAMILY_NONSCHOOL,buyer,6,normal,0,B,0,STARTER_UPGRADE,1000000.0,1600000.0,1300000.0,2000000.0,SUBCORE_NONSCHOOL_STARTER|PERIPHERAL_COST_STARTER,SUBCORE_GENERAL_SCHOOL_STARTER,SUBCORE_NONSCHOOL_STARTER|PERIPHERAL_COST_STARTER,SUBCORE_NONSCHOOL_STARTER|PERIPHERAL_COST_STARTER,26,26,26,0.2308,ok,
pyramid_medium,Y_ENTRY_FAMILY_SCHOOL,buyer,8,normal,0,B,1,STARTER_UPGRADE,1200000.0,1800000.0,1500000.0,2200000.0,SUBCORE_GENERAL_SCHOOL_STARTER,CORE_STRONG_SCHOOL_STARTER|SUBCORE_IMPROVE_FAMILY,SUBCORE_GENERAL_SCHOOL_STARTER|CORE_STRONG_SCHOOL_STARTER,SUBCORE_GENERAL_SCHOOL_STARTER,14,24,14,0.3333,ok,
pyramid_medium,Y_ENTRY_SOLO_COST,buyer,6,normal,0,B,0,STARTER,700000.0,1200000.0,900000.0,1450000.0,SUBCORE_NONSCHOOL_STARTER|PERIPHERAL_COST_STARTER,SUBCORE_GENERAL_SCHOOL_STARTER,PERIPHERAL_COST_STARTER|SUBCORE_NONSCHOOL_STARTER,PERIPHERAL_COST_STARTER|SUBCORE_NONSCHOOL_STARTER,26,26,26,0.2308,ok,
pyramid_large,ASSET_REALLOCATOR,buyer_seller,3,smart,0,A,0,IMPROVE,3000000.0,8000000.0,4000000.0,10000000.0,CORE_NONSCHOOL_IMPROVE|SUBCORE_IMPROVE_FAMILY,CORE_LUXURY_PRESERVATION|SENIOR_FRIENDLY_COMFORT,CORE_LUXURY_PRESERVATION|CORE_NONSCHOOL_IMPROVE|SUBCORE_IMPROVE_FAMILY,CORE_NONSCHOOL_IMPROVE|SUBCORE_IMPROVE_FAMILY,31,35,31,0.0857,ok,
pyramid_large,HNW_CORE_PRESERVATION,buyer,3,smart,0,A,0,LUXURY,10000000.0,18000000.0,13000000.0,22000000.0,CORE_LUXURY_PRESERVATION,CORE_NONSCHOOL_IMPROVE,CORE_LUXURY_PRESERVATION|CORE_NONSCHOOL_IMPROVE,CORE_LUXURY_PRESERVATION|CORE_NONSCHOOL_IMPROVE,4,21,21,0.1429,ok,
pyramid_large,HNW_PRIVATE_EDU,buyer,2,smart,0,A,0,LUXURY,9000000.0,16000000.0,12000000.0,20000000.0,CORE_LUXURY_PRESERVATION,CORE_NONSCHOOL_IMPROVE,CORE_LUXURY_PRESERVATION|CORE_NONSCHOOL_IMPROVE,CORE_LUXURY_PRESERVATION|CORE_NONSCHOOL_IMPROVE,4,21,21,0.0952,ok,
pyramid_large,HOUSEHOLD_SPLIT_MULTIUNIT,buyer,4,normal,1,B,0,STARTER,900000.0,1500000.0,1200000.0,2200000.0,SUBCORE_NONSCHOOL_STARTER|PERIPHERAL_COST_STARTER,SUBCORE_GENERAL_SCHOOL_STARTER,SUBCORE_NONSCHOOL_STARTER|PERIPHERAL_COST_STARTER,SUBCORE_NONSCHOOL_STARTER|PERIPHERAL_COST_STARTER,48,48,48,0.0833,ok,
pyramid_large,MID_DUALCARE_BALANCED,buyer,5,normal,1,A,0,IMPROVE,3200000.0,4800000.0,3800000.0,5600000.0,CORE_NONSCHOOL_IMPROVE|SUBCORE_IMPROVE_FAMILY,,SUBCORE_IMPROVE_FAMILY|CORE_NONSCHOOL_IMPROVE,SUBCORE_IMPROVE_FAMILY|CORE_NONSCHOOL_IMPROVE,31,31,31,0.1613,ok,
pyramid_large,MULTI_CHILD_EXPAND,buyer,4,normal,1,B,0,IMPROVE,2200000.0,3800000.0,2800000.0,4500000.0,PERIPHERAL_MULTI_CHILD_LARGE|SUBCORE_IMPROVE_FAMILY,,PERIPHERAL_MULTI_CHILD_LARGE|SUBCORE_IMPROVE_FAMILY,PERIPHERAL_MULTI_CHILD_LARGE|SUBCORE_IMPROVE_FAMILY,26,26,26,0.1538,ok,
pyramid_large,SILVER_COMFORT_HEALTH,buyer,4,normal,1,A,0,SENIOR_FRIENDLY,2800000.0,5200000.0,3400000.0,6200000.0,SENIOR_FRIENDLY_COMFORT,CORE_NONSCHOOL_IMPROVE,SENIOR_FRIENDLY_COMFORT|CORE_NONSCHOOL_IMPROVE,SENIOR_FRIENDLY_COMFORT|CORE_NONSCHOOL_IMPROVE,10,27,27,0.1481,ok,
pyramid_large,UPGRADE_YOUNG_COMFORT,buyer,6,normal,0,A,0,IMPROVE,3600000.0,5200000.0,4200000.0,5800000.0,CORE_NONSCHOOL_IMPROVE|SUBCORE_IMPROVE_FAMILY,CORE_STRONG_SCHOOL_IMPROVE,CORE_NONSCHOOL_IMPROVE|SUBCORE_IMPROVE_FAMILY,CORE_NONSCHOOL_IMPROVE|SUBCORE_IMPROVE_FAMILY,31,31,31,0.1935,ok,
pyramid_large,UPGRADE_YOUNG_SCHOOL,buyer,6,normal,0,A,1,IMPROVE,4500000.0,6200000.0,5200000.0,7000000.0,CORE_STRONG_SCHOOL_IMPROVE,SUBCORE_IMPROVE_FAMILY,CORE_STRONG_SCHOOL_IMPROVE|SUBCORE_IMPROVE_FAMILY,CORE_STRONG_SCHOOL_IMPROVE|SUBCORE_IMPROVE_FAMILY,17,31,31,0.1935,ok,
pyramid_large,Y_ENTRY_FAMILY_NONSCHOOL,buyer,6,normal,0,B,0,STARTER_UPGRADE,1000000.0,1600000.0,1300000.0,2000000.0,SUBCORE_NONSCHOOL_STARTER|PERIPHERAL_COST_STARTER,SUBCORE_GENERAL_SCHOOL_STARTER,SUBCORE_NONSCHOOL_STARTER|PERIPHERAL_COST_STARTER,SUBCORE_NONSCHOOL_STARTER|PERIPHERAL_COST_STARTER,48,48,48,0.125,ok,
pyramid_large,Y_ENTRY_FAMILY_SCHOOL,buyer,8,normal,0,B,1,STARTER_UPGRADE,1200000.0,1800000.0,1500000.0,2200000.0,SUBCORE_GENERAL_SCHOOL_STARTER,CORE_STRONG_SCHOOL_STARTER|SUBCORE_IMPROVE_FAMILY,SUBCORE_GENERAL_SCHOOL_STARTER|CORE_STRONG_SCHOOL_STARTER,SUBCORE_GENERAL_SCHOOL_STARTER,26,43,26,0.186,ok,
pyramid_large,Y_ENTRY_SOLO_COST,buyer,6,normal,0,B,0,STARTER,700000.0,1200000.0,900000.0,1450000.0,SUBCORE_NONSCHOOL_STARTER|PERIPHERAL_COST_STARTER,SUBCORE_GENERAL_SCHOOL_STARTER,PERIPHERAL_COST_STARTER|SUBCORE_NONSCHOOL_STARTER,PERIPHERAL_COST_STARTER|SUBCORE_NONSCHOOL_STARTER,48,48,48,0.125,ok,
