snapshot_id,property_id,bucket_id,synthetic_order,zone,is_school_district,property_type_bucket,product_segment,household_fit,value_logic,transaction_liquidity_band,list_price,building_area,bedrooms,quality_score
spindle_minimum,spindle_minimum__CORE_LUXURY_PRESERVATION__001,CORE_LUXURY_PRESERVATION,1,A,0,LUXURY,luxury,small_family_fit,scarcity,low,18000000.0,210.0,5,4.5
spindle_minimum,spindle_minimum__CORE_NONSCHOOL_IMPROVE__001,CORE_NONSCHOOL_IMPROVE,1,A,0,IMPROVE,improve,small_family_fit,self_use_comfort,medium,3800000.0,89.0,2,2.1
spindle_minimum,spindle_minimum__CORE_NONSCHOOL_IMPROVE__002,CORE_NONSCHOOL_IMPROVE,2,A,0,IMPROVE,improve,small_family_fit,self_use_comfort,medium,4200000.0,97.0,3,2.3
spindle_minimum,spindle_minimum__CORE_NONSCHOOL_IMPROVE__003,CORE_NONSCHOOL_IMPROVE,3,A,0,IMPROVE,improve,small_family_fit,self_use_comfort,medium,4600000.0,105.0,3,2.5
spindle_minimum,spindle_minimum__CORE_NONSCHOOL_IMPROVE__004,CORE_NONSCHOOL_IMPROVE,4,A,0,IMPROVE,improve,small_family_fit,self_use_comfort,medium,5000000.0,113.0,3,2.7
spindle_minimum,spindle_minimum__CORE_NONSCHOOL_IMPROVE__005,CORE_NONSCHOOL_IMPROVE,5,A,0,IMPROVE,improve,small_family_fit,self_use_comfort,medium,5400000.0,121.0,4,2.9
spindle_minimum,spindle_minimum__CORE_STRONG_SCHOOL_IMPROVE__001,CORE_STRONG_SCHOOL_IMPROVE,1,A,1,IMPROVE,improve,three_person_fit,preservation,medium,4730000.0,99.0,3,2.1
spindle_minimum,spindle_minimum__CORE_STRONG_SCHOOL_IMPROVE__002,CORE_STRONG_SCHOOL_IMPROVE,2,A,1,IMPROVE,improve,three_person_fit,preservation,medium,5190000.0,107.0,3,2.3
spindle_minimum,spindle_minimum__CORE_STRONG_SCHOOL_IMPROVE__003,CORE_STRONG_SCHOOL_IMPROVE,3,A,1,IMPROVE,improve,three_person_fit,preservation,medium,5650000.0,115.0,4,2.5
spindle_minimum,spindle_minimum__CORE_STRONG_SCHOOL_IMPROVE__004,CORE_STRONG_SCHOOL_IMPROVE,4,A,1,IMPROVE,improve,three_person_fit,preservation,medium,6110000.0,123.0,4,2.7
spindle_minimum,spindle_minimum__CORE_STRONG_SCHOOL_IMPROVE__005,CORE_STRONG_SCHOOL_IMPROVE,5,A,1,IMPROVE,improve,three_person_fit,preservation,medium,6570000.0,131.0,4,2.9
spindle_minimum,spindle_minimum__CORE_STRONG_SCHOOL_STARTER__001,CORE_STRONG_SCHOOL_STARTER,1,A,1,JUST,starter,three_person_fit,preservation,high,2783333.33,74.17,2,2.17
spindle_minimum,spindle_minimum__CORE_STRONG_SCHOOL_STARTER__002,CORE_STRONG_SCHOOL_STARTER,2,A,1,JUST,starter,three_person_fit,preservation,high,3350000.0,82.5,2,2.5
spindle_minimum,spindle_minimum__CORE_STRONG_SCHOOL_STARTER__003,CORE_STRONG_SCHOOL_STARTER,3,A,1,JUST,starter,three_person_fit,preservation,high,3916666.67,90.83,3,2.83
spindle_minimum,spindle_minimum__PERIPHERAL_COST_STARTER__001,PERIPHERAL_COST_STARTER,1,B,0,JUST,starter,solo_fit,cost_effective,medium,562500.0,48.12,1,1.12
spindle_minimum,spindle_minimum__PERIPHERAL_COST_STARTER__002,PERIPHERAL_COST_STARTER,2,B,0,JUST,starter,solo_fit,cost_effective,medium,687500.0,54.38,1,1.38
spindle_minimum,spindle_minimum__PERIPHERAL_COST_STARTER__003,PERIPHERAL_COST_STARTER,3,B,0,JUST,starter,solo_fit,cost_effective,medium,812500.0,60.62,2,1.62
spindle_minimum,spindle_minimum__PERIPHERAL_COST_STARTER__004,PERIPHERAL_COST_STARTER,4,B,0,JUST,starter,solo_fit,cost_effective,medium,937500.0,66.88,2,1.88
spindle_minimum,spindle_minimum__PERIPHERAL_MULTI_CHILD_LARGE__001,PERIPHERAL_MULTI_CHILD_LARGE,1,B,0,IMPROVE,starter_upgrade,multi_child_fit,self_use_comfort,medium,2025000.0,126.25,4,2.12
spindle_minimum,spindle_minimum__PERIPHERAL_MULTI_CHILD_LARGE__002,PERIPHERAL_MULTI_CHILD_LARGE,2,B,0,IMPROVE,starter_upgrade,multi_child_fit,self_use_comfort,medium,2475000.0,138.75,4,2.38
spindle_minimum,spindle_minimum__PERIPHERAL_MULTI_CHILD_LARGE__003,PERIPHERAL_MULTI_CHILD_LARGE,3,B,0,IMPROVE,starter_upgrade,multi_child_fit,self_use_comfort,medium,2925000.0,151.25,5,2.62
spindle_minimum,spindle_minimum__PERIPHERAL_MULTI_CHILD_LARGE__004,PERIPHERAL_MULTI_CHILD_LARGE,4,B,0,IMPROVE,starter_upgrade,multi_child_fit,self_use_comfort,medium,3375000.0,163.75,5,2.88
spindle_minimum,spindle_minimum__SENIOR_FRIENDLY_COMFORT__001,SENIOR_FRIENDLY_COMFORT,1,A,0,IMPROVE,senior_friendly,eldercare_fit,self_use_comfort,medium,3433333.33,90.83,2,3.17
spindle_minimum,spindle_minimum__SENIOR_FRIENDLY_COMFORT__002,SENIOR_FRIENDLY_COMFORT,2,A,0,IMPROVE,senior_friendly,eldercare_fit,self_use_comfort,medium,4300000.0,102.5,2,3.5
spindle_minimum,spindle_minimum__SENIOR_FRIENDLY_COMFORT__003,SENIOR_FRIENDLY_COMFORT,3,A,0,IMPROVE,senior_friendly,eldercare_fit,self_use_comfort,medium,5166666.67,114.17,3,3.83
spindle_minimum,spindle_minimum__SUBCORE_GENERAL_SCHOOL_STARTER__001,SUBCORE_GENERAL_SCHOOL_STARTER,1,B,1,JUST,starter,three_person_fit,cost_effective,high,990000.0,72.5,2,1.1
spindle_minimum,spindle_minimum__SUBCORE_GENERAL_SCHOOL_STARTER__002,SUBCORE_GENERAL_SCHOOL_STARTER,2,B,1,JUST,starter,three_person_fit,cost_effective,high,1170000.0,77.5,2,1.3
spindle_minimum,spindle_minimum__SUBCORE_GENERAL_SCHOOL_STARTER__003,SUBCORE_GENERAL_SCHOOL_STARTER,3,B,1,JUST,starter,three_person_fit,cost_effective,high,1350000.0,82.5,2,1.5
spindle_minimum,spindle_minimum__SUBCORE_GENERAL_SCHOOL_STARTER__004,SUBCORE_GENERAL_SCHOOL_STARTER,4,B,1,JUST,starter,three_person_fit,cost_effective,high,1530000.0,87.5,3,1.7
spindle_minimum,spindle_minimum__SUBCORE_GENERAL_SCHOOL_STARTER__005,SUBCORE_GENERAL_SCHOOL_STARTER,5,B,1,JUST,starter,three_person_fit,cost_effective,high,1710000.0,92.5,3,1.9
spindle_minimum,spindle_minimum__SUBCORE_IMPROVE_FAMILY__001,SUBCORE_IMPROVE_FAMILY,1,B,1,IMPROVE,improve,three_person_fit,self_use_comfort,medium,2450000.0,99.38,3,2.12
spindle_minimum,spindle_minimum__SUBCORE_IMPROVE_FAMILY__002,SUBCORE_IMPROVE_FAMILY,2,B,1,IMPROVE,improve,three_person_fit,self_use_comfort,medium,2950000.0,108.12,3,2.38
spindle_minimum,spindle_minimum__SUBCORE_IMPROVE_FAMILY__003,SUBCORE_IMPROVE_FAMILY,3,B,1,IMPROVE,improve,three_person_fit,self_use_comfort,medium,3450000.0,116.88,4,2.62
spindle_minimum,spindle_minimum__SUBCORE_IMPROVE_FAMILY__004,SUBCORE_IMPROVE_FAMILY,4,B,1,IMPROVE,improve,three_person_fit,self_use_comfort,medium,3950000.0,125.62,4,2.88
spindle_minimum,spindle_minimum__SUBCORE_NONSCHOOL_STARTER__001,SUBCORE_NONSCHOOL_STARTER,1,B,0,JUST,starter,solo_fit,cost_effective,high,725000.0,53.0,1,1.1
spindle_minimum,spindle_minimum__SUBCORE_NONSCHOOL_STARTER__002,SUBCORE_NONSCHOOL_STARTER,2,B,0,JUST,starter,solo_fit,cost_effective,high,875000.0,59.0,1,1.3
spindle_minimum,spindle_minimum__SUBCORE_NONSCHOOL_STARTER__003,SUBCORE_NONSCHOOL_STARTER,3,B,0,JUST,starter,solo_fit,cost_effective,high,1025000.0,65.0,2,1.5
spindle_minimum,spindle_minimum__SUBCORE_NONSCHOOL_STARTER__004,SUBCORE_NONSCHOOL_STARTER,4,B,0,JUST,starter,solo_fit,cost_effective,high,1175000.0,71.0,2,1.7
spindle_minimum,spindle_minimum__SUBCORE_NONSCHOOL_STARTER__005,SUBCORE_NONSCHOOL_STARTER,5,B,0,JUST,starter,solo_fit,cost_effective,high,1325000.0,77.0,2,1.9
spindle_medium,spindle_medium__CORE_LUXURY_PRESERVATION__001,CORE_LUXURY_PRESERVATION,1,A,0,LUXURY,luxury,small_family_fit,scarcity,low,14000000.0,176.67,4,4.17
spindle_medium,spindle_medium__CORE_LUXURY_PRESERVATION__002,CORE_LUXURY_PRESERVATION,2,A,0,LUXURY,luxury,small_family_fit,scarcity,low,18000000.0,210.0,5,4.5
spindle_medium,spindle_medium__CORE_LUXURY_PRESERVATION__003,CORE_LUXURY_PRESERVATION,3,A,0,LUXURY,luxury,small_family_fit,scarcity,low,22000000.0,243.33,6,4.83
spindle_medium,spindle_medium__CORE_NONSCHOOL_IMPROVE__001,CORE_NONSCHOOL_IMPROVE,1,A,0,IMPROVE,improve,small_family_fit,self_use_comfort,medium,3683333.33,86.67,2,2.04
spindle_medium,spindle_medium__CORE_NONSCHOOL_IMPROVE__002,CORE_NONSCHOOL_IMPROVE,2,A,0,IMPROVE,improve,small_family_fit,self_use_comfort,medium,3850000.0,90.0,2,2.12
spindle_medium,spindle_medium__CORE_NONSCHOOL_IMPROVE__003,CORE_NONSCHOOL_IMPROVE,3,A,0,IMPROVE,improve,small_family_fit,self_use_comfort,medium,4016666.67,93.33,2,2.21
spindle_medium,spindle_medium__CORE_NONSCHOOL_IMPROVE__004,CORE_NONSCHOOL_IMPROVE,4,A,0,IMPROVE,improve,small_family_fit,self_use_comfort,medium,4183333.33,96.67,3,2.29
spindle_medium,spindle_medium__CORE_NONSCHOOL_IMPROVE__005,CORE_NONSCHOOL_IMPROVE,5,A,0,IMPROVE,improve,small_family_fit,self_use_comfort,medium,4350000.0,100.0,3,2.38
spindle_medium,spindle_medium__CORE_NONSCHOOL_IMPROVE__006,CORE_NONSCHOOL_IMPROVE,6,A,0,IMPROVE,improve,small_family_fit,self_use_comfort,medium,4516666.67,103.33,3,2.46
spindle_medium,spindle_medium__CORE_NONSCHOOL_IMPROVE__007,CORE_NONSCHOOL_IMPROVE,7,A,0,IMPROVE,improve,small_family_fit,self_use_comfort,medium,4683333.33,106.67,3,2.54
spindle_medium,spindle_medium__CORE_NONSCHOOL_IMPROVE__008,CORE_NONSCHOOL_IMPROVE,8,A,0,IMPROVE,improve,small_family_fit,self_use_comfort,medium,4850000.0,110.0,3,2.62
spindle_medium,spindle_medium__CORE_NONSCHOOL_IMPROVE__009,CORE_NONSCHOOL_IMPROVE,9,A,0,IMPROVE,improve,small_family_fit,self_use_comfort,medium,5016666.67,113.33,3,2.71
spindle_medium,spindle_medium__CORE_NONSCHOOL_IMPROVE__010,CORE_NONSCHOOL_IMPROVE,10,A,0,IMPROVE,improve,small_family_fit,self_use_comfort,medium,5183333.33,116.67,4,2.79
spindle_medium,spindle_medium__CORE_NONSCHOOL_IMPROVE__011,CORE_NONSCHOOL_IMPROVE,11,A,0,IMPROVE,improve,small_family_fit,self_use_comfort,medium,5350000.0,120.0,4,2.88
spindle_medium,spindle_medium__CORE_NONSCHOOL_IMPROVE__012,CORE_NONSCHOOL_IMPROVE,12,A,0,IMPROVE,improve,small_family_fit,self_use_comfort,medium,5516666.67,123.33,4,2.96
spindle_medium,spindle_medium__CORE_STRONG_SCHOOL_IMPROVE__001,CORE_STRONG_SCHOOL_IMPROVE,1,A,1,IMPROVE,improve,three_person_fit,preservation,medium,4595833.33,96.67,3,2.04
spindle_medium,spindle_medium__CORE_STRONG_SCHOOL_IMPROVE__002,CORE_STRONG_SCHOOL_IMPROVE,2,A,1,IMPROVE,improve,three_person_fit,preservation,medium,4787500.0,100.0,3,2.12
spindle_medium,spindle_medium__CORE_STRONG_SCHOOL_IMPROVE__003,CORE_STRONG_SCHOOL_IMPROVE,3,A,1,IMPROVE,improve,three_person_fit,preservation,medium,4979166.67,103.33,3,2.21
spindle_medium,spindle_medium__CORE_STRONG_SCHOOL_IMPROVE__004,CORE_STRONG_SCHOOL_IMPROVE,4,A,1,IMPROVE,improve,three_person_fit,preservation,medium,5170833.33,106.67,3,2.29
spindle_medium,spindle_medium__CORE_STRONG_SCHOOL_IMPROVE__005,CORE_STRONG_SCHOOL_IMPROVE,5,A,1,IMPROVE,improve,three_person_fit,preservation,medium,5362500.0,110.0,3,2.38
spindle_medium,spindle_medium__CORE_STRONG_SCHOOL_IMPROVE__006,CORE_STRONG_SCHOOL_IMPROVE,6,A,1,IMPROVE,improve,three_person_fit,preservation,medium,5554166.67,113.33,3,2.46
spindle_medium,spindle_medium__CORE_STRONG_SCHOOL_IMPROVE__007,CORE_STRONG_SCHOOL_IMPROVE,7,A,1,IMPROVE,improve,three_person_fit,preservation,medium,5745833.33,116.67,4,2.54
spindle_medium,spindle_medium__CORE_STRONG_SCHOOL_IMPROVE__008,CORE_STRONG_SCHOOL_IMPROVE,8,A,1,IMPROVE,improve,three_person_fit,preservation,medium,5937500.0,120.0,4,2.62
spindle_medium,spindle_medium__CORE_STRONG_SCHOOL_IMPROVE__009,CORE_STRONG_SCHOOL_IMPROVE,9,A,1,IMPROVE,improve,three_person_fit,preservation,medium,6129166.67,123.33,4,2.71
spindle_medium,spindle_medium__CORE_STRONG_SCHOOL_IMPROVE__010,CORE_STRONG_SCHOOL_IMPROVE,10,A,1,IMPROVE,improve,three_person_fit,preservation,medium,6320833.33,126.67,4,2.79
spindle_medium,spindle_medium__CORE_STRONG_SCHOOL_IMPROVE__011,CORE_STRONG_SCHOOL_IMPROVE,11,A,1,IMPROVE,improve,three_person_fit,preservation,medium,6512500.0,130.0,4,2.88
spindle_medium,spindle_medium__CORE_STRONG_SCHOOL_IMPROVE__012,CORE_STRONG_SCHOOL_IMPROVE,12,A,1,IMPROVE,improve,three_person_fit,preservation,medium,6704166.67,133.33,4,2.96
spindle_medium,spindle_medium__CORE_STRONG_SCHOOL_STARTER__001,CORE_STRONG_SCHOOL_STARTER,1,A,1,JUST,starter,three_person_fit,preservation,high,2606250.0,71.56,2,2.06
spindle_medium,spindle_medium__CORE_STRONG_SCHOOL_STARTER__002,CORE_STRONG_SCHOOL_STARTER,2,A,1,JUST,starter,three_person_fit,preservation,high,2818750.0,74.69,2,2.19
spindle_medium,spindle_medium__CORE_STRONG_SCHOOL_STARTER__003,CORE_STRONG_SCHOOL_STARTER,3,A,1,JUST,starter,three_person_fit,preservation,high,3031250.0,77.81,2,2.31
spindle_medium,spindle_medium__CORE_STRONG_SCHOOL_STARTER__004,CORE_STRONG_SCHOOL_STARTER,4,A,1,JUST,starter,three_person_fit,preservation,high,3243750.0,80.94,2,2.44
spindle_medium,spindle_medium__CORE_STRONG_SCHOOL_STARTER__005,CORE_STRONG_SCHOOL_STARTER,5,A,1,JUST,starter,three_person_fit,preservation,high,3456250.0,84.06,3,2.56
spindle_medium,spindle_medium__CORE_STRONG_SCHOOL_STARTER__006,CORE_STRONG_SCHOOL_STARTER,6,A,1,JUST,starter,three_person_fit,preservation,high,3668750.0,87.19,3,2.69
spindle_medium,spindle_medium__CORE_STRONG_SCHOOL_STARTER__007,CORE_STRONG_SCHOOL_STARTER,7,A,1,JUST,starter,three_person_fit,preservation,high,3881250.0,90.31,3,2.81
spindle_medium,spindle_medium__CORE_STRONG_SCHOOL_STARTER__008,CORE_STRONG_SCHOOL_STARTER,8,A,1,JUST,starter,three_person_fit,preservation,high,4093750.0,93.44,3,2.94
spindle_medium,spindle_medium__PERIPHERAL_COST_STARTER__001,PERIPHERAL_COST_STARTER,1,B,0,JUST,starter,solo_fit,cost_effective,medium,525000.0,46.25,1,1.05
spindle_medium,spindle_medium__PERIPHERAL_COST_STARTER__002,PERIPHERAL_COST_STARTER,2,B,0,JUST,starter,solo_fit,cost_effective,medium,575000.0,48.75,1,1.15
spindle_medium,spindle_medium__PERIPHERAL_COST_STARTER__003,PERIPHERAL_COST_STARTER,3,B,0,JUST,starter,solo_fit,cost_effective,medium,625000.0,51.25,1,1.25
spindle_medium,spindle_medium__PERIPHERAL_COST_STARTER__004,PERIPHERAL_COST_STARTER,4,B,0,JUST,starter,solo_fit,cost_effective,medium,675000.0,53.75,1,1.35
spindle_medium,spindle_medium__PERIPHERAL_COST_STARTER__005,PERIPHERAL_COST_STARTER,5,B,0,JUST,starter,solo_fit,cost_effective,medium,725000.0,56.25,1,1.45
spindle_medium,spindle_medium__PERIPHERAL_COST_STARTER__006,PERIPHERAL_COST_STARTER,6,B,0,JUST,starter,solo_fit,cost_effective,medium,775000.0,58.75,2,1.55
spindle_medium,spindle_medium__PERIPHERAL_COST_STARTER__007,PERIPHERAL_COST_STARTER,7,B,0,JUST,starter,solo_fit,cost_effective,medium,825000.0,61.25,2,1.65
spindle_medium,spindle_medium__PERIPHERAL_COST_STARTER__008,PERIPHERAL_COST_STARTER,8,B,0,JUST,starter,solo_fit,cost_effective,medium,875000.0,63.75,2,1.75
spindle_medium,spindle_medium__PERIPHERAL_COST_STARTER__009,PERIPHERAL_COST_STARTER,9,B,0,JUST,starter,solo_fit,cost_effective,medium,925000.0,66.25,2,1.85
spindle_medium,spindle_medium__PERIPHERAL_COST_STARTER__010,PERIPHERAL_COST_STARTER,10,B,0,JUST,starter,solo_fit,cost_effective,medium,975000.0,68.75,2,1.95
spindle_medium,spindle_medium__PERIPHERAL_MULTI_CHILD_LARGE__001,PERIPHERAL_MULTI_CHILD_LARGE,1,B,0,IMPROVE,starter_upgrade,multi_child_fit,self_use_comfort,medium,1912500.0,123.12,4,2.06
spindle_medium,spindle_medium__PERIPHERAL_MULTI_CHILD_LARGE__002,PERIPHERAL_MULTI_CHILD_LARGE,2,B,0,IMPROVE,starter_upgrade,multi_child_fit,self_use_comfort,medium,2137500.0,129.38,4,2.19
spindle_medium,spindle_medium__PERIPHERAL_MULTI_CHILD_LARGE__003,PERIPHERAL_MULTI_CHILD_LARGE,3,B,0,IMPROVE,starter_upgrade,multi_child_fit,self_use_comfort,medium,2362500.0,135.62,4,2.31
spindle_medium,spindle_medium__PERIPHERAL_MULTI_CHILD_LARGE__004,PERIPHERAL_MULTI_CHILD_LARGE,4,B,0,IMPROVE,starter_upgrade,multi_child_fit,self_use_comfort,medium,2587500.0,141.88,4,2.44
spindle_medium,spindle_medium__PERIPHERAL_MULTI_CHILD_LARGE__005,PERIPHERAL_MULTI_CHILD_LARGE,5,B,0,IMPROVE,starter_upgrade,multi_child_fit,self_use_comfort,medium,2812500.0,148.12,5,2.56
spindle_medium,spindle_medium__PERIPHERAL_MULTI_CHILD_LARGE__006,PERIPHERAL_MULTI_CHILD_LARGE,6,B,0,IMPROVE,starter_upgrade,multi_child_fit,self_use_comfort,medium,3037500.0,154.38,5,2.69
spindle_medium,spindle_medium__PERIPHERAL_MULTI_CHILD_LARGE__007,PERIPHERAL_MULTI_CHILD_LARGE,7,B,0,IMPROVE,starter_upgrade,multi_child_fit,self_use_comfort,medium,3262500.0,160.62,5,2.81
spindle_medium,spindle_medium__PERIPHERAL_MULTI_CHILD_LARGE__008,PERIPHERAL_MULTI_CHILD_LARGE,8,B,0,IMPROVE,starter_upgrade,multi_child_fit,self_use_comfort,medium,3487500.0,166.88,5,2.94
spindle_medium,spindle_medium__SENIOR_FRIENDLY_COMFORT__001,SENIOR_FRIENDLY_COMFORT,1,A,0,IMPROVE,senior_friendly,eldercare_fit,self_use_comfort,medium,3185714.29,87.5,2,3.07
spindle_medium,spindle_medium__SENIOR_FRIENDLY_COMFORT__002,SENIOR_FRIENDLY_COMFORT,2,A,0,IMPROVE,senior_friendly,eldercare_fit,self_use_comfort,medium,3557142.86,92.5,2,3.21
spindle_medium,spindle_medium__SENIOR_FRIENDLY_COMFORT__003,SENIOR_FRIENDLY_COMFORT,3,A,0,IMPROVE,senior_friendly,eldercare_fit,self_use_comfort,medium,3928571.43,97.5,2,3.36
spindle_medium,spindle_medium__SENIOR_FRIENDLY_COMFORT__004,SENIOR_FRIENDLY_COMFORT,4,A,0,IMPROVE,senior_friendly,eldercare_fit,self_use_comfort,medium,4300000.0,102.5,2,3.5
spindle_medium,spindle_medium__SENIOR_FRIENDLY_COMFORT__005,SENIOR_FRIENDLY_COMFORT,5,A,0,IMPROVE,senior_friendly,eldercare_fit,self_use_comfort,medium,4671428.57,107.5,3,3.64
spindle_medium,spindle_medium__SENIOR_FRIENDLY_COMFORT__006,SENIOR_FRIENDLY_COMFORT,6,A,0,IMPROVE,senior_friendly,eldercare_fit,self_use_comfort,medium,5042857.14,112.5,3,3.79
spindle_medium,spindle_medium__SENIOR_FRIENDLY_COMFORT__007,SENIOR_FRIENDLY_COMFORT,7,A,0,IMPROVE,senior_friendly,eldercare_fit,self_use_comfort,medium,5414285.71,117.5,3,3.93
spindle_medium,spindle_medium__SUBCORE_GENERAL_SCHOOL_STARTER__001,SUBCORE_GENERAL_SCHOOL_STARTER,1,B,1,JUST,starter,three_person_fit,cost_effective,high,940909.09,71.14,2,1.05
spindle_medium,spindle_medium__SUBCORE_GENERAL_SCHOOL_STARTER__002,SUBCORE_GENERAL_SCHOOL_STARTER,2,B,1,JUST,starter,three_person_fit,cost_effective,high,1022727.27,73.41,2,1.14
spindle_medium,spindle_medium__SUBCORE_GENERAL_SCHOOL_STARTER__003,SUBCORE_GENERAL_SCHOOL_STARTER,3,B,1,JUST,starter,three_person_fit,cost_effective,high,1104545.45,75.68,2,1.23
spindle_medium,spindle_medium__SUBCORE_GENERAL_SCHOOL_STARTER__004,SUBCORE_GENERAL_SCHOOL_STARTER,4,B,1,JUST,starter,three_person_fit,cost_effective,high,1186363.64,77.95,2,1.32
spindle_medium,spindle_medium__SUBCORE_GENERAL_SCHOOL_STARTER__005,SUBCORE_GENERAL_SCHOOL_STARTER,5,B,1,JUST,starter,three_person_fit,cost_effective,high,1268181.82,80.23,2,1.41
spindle_medium,spindle_medium__SUBCORE_GENERAL_SCHOOL_STARTER__006,SUBCORE_GENERAL_SCHOOL_STARTER,6,B,1,JUST,starter,three_person_fit,cost_effective,high,1350000.0,82.5,2,1.5
spindle_medium,spindle_medium__SUBCORE_GENERAL_SCHOOL_STARTER__007,SUBCORE_GENERAL_SCHOOL_STARTER,7,B,1,JUST,starter,three_person_fit,cost_effective,high,1431818.18,84.77,3,1.59
spindle_medium,spindle_medium__SUBCORE_GENERAL_SCHOOL_STARTER__008,SUBCORE_GENERAL_SCHOOL_STARTER,8,B,1,JUST,starter,three_person_fit,cost_effective,high,1513636.36,87.05,3,1.68
spindle_medium,spindle_medium__SUBCORE_GENERAL_SCHOOL_STARTER__009,SUBCORE_GENERAL_SCHOOL_STARTER,9,B,1,JUST,starter,three_person_fit,cost_effective,high,1595454.55,89.32,3,1.77
spindle_medium,spindle_medium__SUBCORE_GENERAL_SCHOOL_STARTER__010,SUBCORE_GENERAL_SCHOOL_STARTER,10,B,1,JUST,starter,three_person_fit,cost_effective,high,1677272.73,91.59,3,1.86
spindle_medium,spindle_medium__SUBCORE_GENERAL_SCHOOL_STARTER__011,SUBCORE_GENERAL_SCHOOL_STARTER,11,B,1,JUST,starter,three_person_fit,cost_effective,high,1759090.91,93.86,3,1.95
spindle_medium,spindle_medium__SUBCORE_IMPROVE_FAMILY__001,SUBCORE_IMPROVE_FAMILY,1,B,1,IMPROVE,improve,three_person_fit,self_use_comfort,medium,2311111.11,96.94,3,2.06
spindle_medium,spindle_medium__SUBCORE_IMPROVE_FAMILY__002,SUBCORE_IMPROVE_FAMILY,2,B,1,IMPROVE,improve,three_person_fit,self_use_comfort,medium,2533333.33,100.83,3,2.17
spindle_medium,spindle_medium__SUBCORE_IMPROVE_FAMILY__003,SUBCORE_IMPROVE_FAMILY,3,B,1,IMPROVE,improve,three_person_fit,self_use_comfort,medium,2755555.56,104.72,3,2.28
spindle_medium,spindle_medium__SUBCORE_IMPROVE_FAMILY__004,SUBCORE_IMPROVE_FAMILY,4,B,1,IMPROVE,improve,three_person_fit,self_use_comfort,medium,2977777.78,108.61,3,2.39
spindle_medium,spindle_medium__SUBCORE_IMPROVE_FAMILY__005,SUBCORE_IMPROVE_FAMILY,5,B,1,IMPROVE,improve,three_person_fit,self_use_comfort,medium,3200000.0,112.5,4,2.5
spindle_medium,spindle_medium__SUBCORE_IMPROVE_FAMILY__006,SUBCORE_IMPROVE_FAMILY,6,B,1,IMPROVE,improve,three_person_fit,self_use_comfort,medium,3422222.22,116.39,4,2.61
spindle_medium,spindle_medium__SUBCORE_IMPROVE_FAMILY__007,SUBCORE_IMPROVE_FAMILY,7,B,1,IMPROVE,improve,three_person_fit,self_use_comfort,medium,3644444.44,120.28,4,2.72
spindle_medium,spindle_medium__SUBCORE_IMPROVE_FAMILY__008,SUBCORE_IMPROVE_FAMILY,8,B,1,IMPROVE,improve,three_person_fit,self_use_comfort,medium,3866666.67,124.17,4,2.83
spindle_medium,spindle_medium__SUBCORE_IMPROVE_FAMILY__009,SUBCORE_IMPROVE_FAMILY,9,B,1,IMPROVE,improve,three_person_fit,self_use_comfort,medium,4088888.89,128.06,4,2.94
spindle_medium,spindle_medium__SUBCORE_NONSCHOOL_STARTER__001,SUBCORE_NONSCHOOL_STARTER,1,B,0,JUST,starter,solo_fit,cost_effective,high,684090.91,51.36,1,1.05
spindle_medium,spindle_medium__SUBCORE_NONSCHOOL_STARTER__002,SUBCORE_NONSCHOOL_STARTER,2,B,0,JUST,starter,solo_fit,cost_effective,high,752272.73,54.09,1,1.14
spindle_medium,spindle_medium__SUBCORE_NONSCHOOL_STARTER__003,SUBCORE_NONSCHOOL_STARTER,3,B,0,JUST,starter,solo_fit,cost_effective,high,820454.55,56.82,1,1.23
spindle_medium,spindle_medium__SUBCORE_NONSCHOOL_STARTER__004,SUBCORE_NONSCHOOL_STARTER,4,B,0,JUST,starter,solo_fit,cost_effective,high,888636.36,59.55,1,1.32
spindle_medium,spindle_medium__SUBCORE_NONSCHOOL_STARTER__005,SUBCORE_NONSCHOOL_STARTER,5,B,0,JUST,starter,solo_fit,cost_effective,high,956818.18,62.27,1,1.41
spindle_medium,spindle_medium__SUBCORE_NONSCHOOL_STARTER__006,SUBCORE_NONSCHOOL_STARTER,6,B,0,JUST,starter,solo_fit,cost_effective,high,1025000.0,65.0,2,1.5
spindle_medium,spindle_medium__SUBCORE_NONSCHOOL_STARTER__007,SUBCORE_NONSCHOOL_STARTER,7,B,0,JUST,starter,solo_fit,cost_effective,high,1093181.82,67.73,2,1.59
spindle_medium,spindle_medium__SUBCORE_NONSCHOOL_STARTER__008,SUBCORE_NONSCHOOL_STARTER,8,B,0,JUST,starter,solo_fit,cost_effective,high,1161363.64,70.45,2,1.68
spindle_medium,spindle_medium__SUBCORE_NONSCHOOL_STARTER__009,SUBCORE_NONSCHOOL_STARTER,9,B,0,JUST,starter,solo_fit,cost_effective,high,1229545.45,73.18,2,1.77
spindle_medium,spindle_medium__SUBCORE_NONSCHOOL_STARTER__010,SUBCORE_NONSCHOOL_STARTER,10,B,0,JUST,starter,solo_fit,cost_effective,high,1297727.27,75.91,2,1.86
spindle_medium,spindle_medium__SUBCORE_NONSCHOOL_STARTER__011,SUBCORE_NONSCHOOL_STARTER,11,B,0,JUST,starter,solo_fit,cost_effective,high,1365909.09,78.64,2,1.95
spindle_large,spindle_large__CORE_LUXURY_PRESERVATION__001,CORE_LUXURY_PRESERVATION,1,A,0,LUXURY,luxury,small_family_fit,scarcity,low,13000000.0,168.33,4,4.08
spindle_large,spindle_large__CORE_LUXURY_PRESERVATION__002,CORE_LUXURY_PRESERVATION,2,A,0,LUXURY,luxury,small_family_fit,scarcity,low,15000000.0,185.0,4,4.25
spindle_large,spindle_large__CORE_LUXURY_PRESERVATION__003,CORE_LUXURY_PRESERVATION,3,A,0,LUXURY,luxury,small_family_fit,scarcity,low,17000000.0,201.67,5,4.42
spindle_large,spindle_large__CORE_LUXURY_PRESERVATION__004,CORE_LUXURY_PRESERVATION,4,A,0,LUXURY,luxury,small_family_fit,scarcity,low,19000000.0,218.33,5,4.58
spindle_large,spindle_large__CORE_LUXURY_PRESERVATION__005,CORE_LUXURY_PRESERVATION,5,A,0,LUXURY,luxury,small_family_fit,scarcity,low,21000000.0,235.0,6,4.75
spindle_large,spindle_large__CORE_LUXURY_PRESERVATION__006,CORE_LUXURY_PRESERVATION,6,A,0,LUXURY,luxury,small_family_fit,scarcity,low,23000000.0,251.67,6,4.92
spindle_large,spindle_large__CORE_NONSCHOOL_IMPROVE__001,CORE_NONSCHOOL_IMPROVE,1,A,0,IMPROVE,improve,small_family_fit,self_use_comfort,medium,3647619.05,85.95,2,2.02
spindle_large,spindle_large__CORE_NONSCHOOL_IMPROVE__002,CORE_NONSCHOOL_IMPROVE,2,A,0,IMPROVE,improve,small_family_fit,self_use_comfort,medium,3742857.14,87.86,2,2.07
spindle_large,spindle_large__CORE_NONSCHOOL_IMPROVE__003,CORE_NONSCHOOL_IMPROVE,3,A,0,IMPROVE,improve,small_family_fit,self_use_comfort,medium,3838095.24,89.76,2,2.12
spindle_large,spindle_large__CORE_NONSCHOOL_IMPROVE__004,CORE_NONSCHOOL_IMPROVE,4,A,0,IMPROVE,improve,small_family_fit,self_use_comfort,medium,3933333.33,91.67,2,2.17
spindle_large,spindle_large__CORE_NONSCHOOL_IMPROVE__005,CORE_NONSCHOOL_IMPROVE,5,A,0,IMPROVE,improve,small_family_fit,self_use_comfort,medium,4028571.43,93.57,2,2.21
spindle_large,spindle_large__CORE_NONSCHOOL_IMPROVE__006,CORE_NONSCHOOL_IMPROVE,6,A,0,IMPROVE,improve,small_family_fit,self_use_comfort,medium,4123809.52,95.48,3,2.26
spindle_large,spindle_large__CORE_NONSCHOOL_IMPROVE__007,CORE_NONSCHOOL_IMPROVE,7,A,0,IMPROVE,improve,small_family_fit,self_use_comfort,medium,4219047.62,97.38,3,2.31
spindle_large,spindle_large__CORE_NONSCHOOL_IMPROVE__008,CORE_NONSCHOOL_IMPROVE,8,A,0,IMPROVE,improve,small_family_fit,self_use_comfort,medium,4314285.71,99.29,3,2.36
spindle_large,spindle_large__CORE_NONSCHOOL_IMPROVE__009,CORE_NONSCHOOL_IMPROVE,9,A,0,IMPROVE,improve,small_family_fit,self_use_comfort,medium,4409523.81,101.19,3,2.4
spindle_large,spindle_large__CORE_NONSCHOOL_IMPROVE__010,CORE_NONSCHOOL_IMPROVE,10,A,0,IMPROVE,improve,small_family_fit,self_use_comfort,medium,4504761.9,103.1,3,2.45
spindle_large,spindle_large__CORE_NONSCHOOL_IMPROVE__011,CORE_NONSCHOOL_IMPROVE,11,A,0,IMPROVE,improve,small_family_fit,self_use_comfort,medium,4600000.0,105.0,3,2.5
spindle_large,spindle_large__CORE_NONSCHOOL_IMPROVE__012,CORE_NONSCHOOL_IMPROVE,12,A,0,IMPROVE,improve,small_family_fit,self_use_comfort,medium,4695238.1,106.9,3,2.55
spindle_large,spindle_large__CORE_NONSCHOOL_IMPROVE__013,CORE_NONSCHOOL_IMPROVE,13,A,0,IMPROVE,improve,small_family_fit,self_use_comfort,medium,4790476.19,108.81,3,2.6
spindle_large,spindle_large__CORE_NONSCHOOL_IMPROVE__014,CORE_NONSCHOOL_IMPROVE,14,A,0,IMPROVE,improve,small_family_fit,self_use_comfort,medium,4885714.29,110.71,3,2.64
spindle_large,spindle_large__CORE_NONSCHOOL_IMPROVE__015,CORE_NONSCHOOL_IMPROVE,15,A,0,IMPROVE,improve,small_family_fit,self_use_comfort,medium,4980952.38,112.62,3,2.69
spindle_large,spindle_large__CORE_NONSCHOOL_IMPROVE__016,CORE_NONSCHOOL_IMPROVE,16,A,0,IMPROVE,improve,small_family_fit,self_use_comfort,medium,5076190.48,114.52,3,2.74
spindle_large,spindle_large__CORE_NONSCHOOL_IMPROVE__017,CORE_NONSCHOOL_IMPROVE,17,A,0,IMPROVE,improve,small_family_fit,self_use_comfort,medium,5171428.57,116.43,4,2.79
spindle_large,spindle_large__CORE_NONSCHOOL_IMPROVE__018,CORE_NONSCHOOL_IMPROVE,18,A,0,IMPROVE,improve,small_family_fit,self_use_comfort,medium,5266666.67,118.33,4,2.83
spindle_large,spindle_large__CORE_NONSCHOOL_IMPROVE__019,CORE_NONSCHOOL_IMPROVE,19,A,0,IMPROVE,improve,small_family_fit,self_use_comfort,medium,5361904.76,120.24,4,2.88
spindle_large,spindle_large__CORE_NONSCHOOL_IMPROVE__020,CORE_NONSCHOOL_IMPROVE,20,A,0,IMPROVE,improve,small_family_fit,self_use_comfort,medium,5457142.86,122.14,4,2.93
spindle_large,spindle_large__CORE_NONSCHOOL_IMPROVE__021,CORE_NONSCHOOL_IMPROVE,21,A,0,IMPROVE,improve,small_family_fit,self_use_comfort,medium,5552380.95,124.05,4,2.98
spindle_large,spindle_large__CORE_STRONG_SCHOOL_IMPROVE__001,CORE_STRONG_SCHOOL_IMPROVE,1,A,1,IMPROVE,improve,three_person_fit,preservation,medium,4554761.9,95.95,3,2.02
spindle_large,spindle_large__CORE_STRONG_SCHOOL_IMPROVE__002,CORE_STRONG_SCHOOL_IMPROVE,2,A,1,IMPROVE,improve,three_person_fit,preservation,medium,4664285.71,97.86,3,2.07
spindle_large,spindle_large__CORE_STRONG_SCHOOL_IMPROVE__003,CORE_STRONG_SCHOOL_IMPROVE,3,A,1,IMPROVE,improve,three_person_fit,preservation,medium,4773809.52,99.76,3,2.12
spindle_large,spindle_large__CORE_STRONG_SCHOOL_IMPROVE__004,CORE_STRONG_SCHOOL_IMPROVE,4,A,1,IMPROVE,improve,three_person_fit,preservation,medium,4883333.33,101.67,3,2.17
spindle_large,spindle_large__CORE_STRONG_SCHOOL_IMPROVE__005,CORE_STRONG_SCHOOL_IMPROVE,5,A,1,IMPROVE,improve,three_person_fit,preservation,medium,4992857.14,103.57,3,2.21
spindle_large,spindle_large__CORE_STRONG_SCHOOL_IMPROVE__006,CORE_STRONG_SCHOOL_IMPROVE,6,A,1,IMPROVE,improve,three_person_fit,preservation,medium,5102380.95,105.48,3,2.26
spindle_large,spindle_large__CORE_STRONG_SCHOOL_IMPROVE__007,CORE_STRONG_SCHOOL_IMPROVE,7,A,1,IMPROVE,improve,three_person_fit,preservation,medium,5211904.76,107.38,3,2.31
spindle_large,spindle_large__CORE_STRONG_SCHOOL_IMPROVE__008,CORE_STRONG_SCHOOL_IMPROVE,8,A,1,IMPROVE,improve,three_person_fit,preservation,medium,5321428.57,109.29,3,2.36
spindle_large,spindle_large__CORE_STRONG_SCHOOL_IMPROVE__009,CORE_STRONG_SCHOOL_IMPROVE,9,A,1,IMPROVE,improve,three_person_fit,preservation,medium,5430952.38,111.19,3,2.4
spindle_large,spindle_large__CORE_STRONG_SCHOOL_IMPROVE__010,CORE_STRONG_SCHOOL_IMPROVE,10,A,1,IMPROVE,improve,three_person_fit,preservation,medium,5540476.19,113.1,3,2.45
spindle_large,spindle_large__CORE_STRONG_SCHOOL_IMPROVE__011,CORE_STRONG_SCHOOL_IMPROVE,11,A,1,IMPROVE,improve,three_person_fit,preservation,medium,5650000.0,115.0,4,2.5
spindle_large,spindle_large__CORE_STRONG_SCHOOL_IMPROVE__012,CORE_STRONG_SCHOOL_IMPROVE,12,A,1,IMPROVE,improve,three_person_fit,preservation,medium,5759523.81,116.9,4,2.55
spindle_large,spindle_large__CORE_STRONG_SCHOOL_IMPROVE__013,CORE_STRONG_SCHOOL_IMPROVE,13,A,1,IMPROVE,improve,three_person_fit,preservation,medium,5869047.62,118.81,4,2.6
spindle_large,spindle_large__CORE_STRONG_SCHOOL_IMPROVE__014,CORE_STRONG_SCHOOL_IMPROVE,14,A,1,IMPROVE,improve,three_person_fit,preservation,medium,5978571.43,120.71,4,2.64
spindle_large,spindle_large__CORE_STRONG_SCHOOL_IMPROVE__015,CORE_STRONG_SCHOOL_IMPROVE,15,A,1,IMPROVE,improve,three_person_fit,preservation,medium,6088095.24,122.62,4,2.69
spindle_large,spindle_large__CORE_STRONG_SCHOOL_IMPROVE__016,CORE_STRONG_SCHOOL_IMPROVE,16,A,1,IMPROVE,improve,three_person_fit,preservation,medium,6197619.05,124.52,4,2.74
spindle_large,spindle_large__CORE_STRONG_SCHOOL_IMPROVE__017,CORE_STRONG_SCHOOL_IMPROVE,17,A,1,IMPROVE,improve,three_person_fit,preservation,medium,6307142.86,126.43,4,2.79
spindle_large,spindle_large__CORE_STRONG_SCHOOL_IMPROVE__018,CORE_STRONG_SCHOOL_IMPROVE,18,A,1,IMPROVE,improve,three_person_fit,preservation,medium,6416666.67,128.33,4,2.83
spindle_large,spindle_large__CORE_STRONG_SCHOOL_IMPROVE__019,CORE_STRONG_SCHOOL_IMPROVE,19,A,1,IMPROVE,improve,three_person_fit,preservation,medium,6526190.48,130.24,4,2.88
spindle_large,spindle_large__CORE_STRONG_SCHOOL_IMPROVE__020,CORE_STRONG_SCHOOL_IMPROVE,20,A,1,IMPROVE,improve,three_person_fit,preservation,medium,6635714.29,132.14,4,2.93
spindle_large,spindle_large__CORE_STRONG_SCHOOL_IMPROVE__021,CORE_STRONG_SCHOOL_IMPROVE,21,A,1,IMPROVE,improve,three_person_fit,preservation,medium,6745238.1,134.05,4,2.98
spindle_large,spindle_large__CORE_STRONG_SCHOOL_STARTER__001,CORE_STRONG_SCHOOL_STARTER,1,A,1,JUST,starter,three_person_fit,preservation,high,2560714.29,70.89,2,2.04
spindle_large,spindle_large__CORE_STRONG_SCHOOL_STARTER__002,CORE_STRONG_SCHOOL_STARTER,2,A,1,JUST,starter,three_person_fit,preservation,high,2682142.86,72.68,2,2.11
spindle_large,spindle_large__CORE_STRONG_SCHOOL_STARTER__003,CORE_STRONG_SCHOOL_STARTER,3,A,1,JUST,starter,three_person_fit,preservation,high,2803571.43,74.46,2,2.18
spindle_large,spindle_large__CORE_STRONG_SCHOOL_STARTER__004,CORE_STRONG_SCHOOL_STARTER,4,A,1,JUST,starter,three_person_fit,preservation,high,2925000.0,76.25,2,2.25
spindle_large,spindle_large__CORE_STRONG_SCHOOL_STARTER__005,CORE_STRONG_SCHOOL_STARTER,5,A,1,JUST,starter,three_person_fit,preservation,high,3046428.57,78.04,2,2.32
spindle_large,spindle_large__CORE_STRONG_SCHOOL_STARTER__006,CORE_STRONG_SCHOOL_STARTER,6,A,1,JUST,starter,three_person_fit,preservation,high,3167857.14,79.82,2,2.39
spindle_large,spindle_large__CORE_STRONG_SCHOOL_STARTER__007,CORE_STRONG_SCHOOL_STARTER,7,A,1,JUST,starter,three_person_fit,preservation,high,3289285.71,81.61,2,2.46
spindle_large,spindle_large__CORE_STRONG_SCHOOL_STARTER__008,CORE_STRONG_SCHOOL_STARTER,8,A,1,JUST,starter,three_person_fit,preservation,high,3410714.29,83.39,3,2.54
spindle_large,spindle_large__CORE_STRONG_SCHOOL_STARTER__009,CORE_STRONG_SCHOOL_STARTER,9,A,1,JUST,starter,three_person_fit,preservation,high,3532142.86,85.18,3,2.61
spindle_large,spindle_large__CORE_STRONG_SCHOOL_STARTER__010,CORE_STRONG_SCHOOL_STARTER,10,A,1,JUST,starter,three_person_fit,preservation,high,3653571.43,86.96,3,2.68
spindle_large,spindle_large__CORE_STRONG_SCHOOL_STARTER__011,CORE_STRONG_SCHOOL_STARTER,11,A,1,JUST,starter,three_person_fit,preservation,high,3775000.0,88.75,3,2.75
spindle_large,spindle_large__CORE_STRONG_SCHOOL_STARTER__012,CORE_STRONG_SCHOOL_STARTER,12,A,1,JUST,starter,three_person_fit,preservation,high,3896428.57,90.54,3,2.82
spindle_large,spindle_large__CORE_STRONG_SCHOOL_STARTER__013,CORE_STRONG_SCHOOL_STARTER,13,A,1,JUST,starter,three_person_fit,preservation,high,4017857.14,92.32,3,2.89
spindle_large,spindle_large__CORE_STRONG_SCHOOL_STARTER__014,CORE_STRONG_SCHOOL_STARTER,14,A,1,JUST,starter,three_person_fit,preservation,high,4139285.71,94.11,3,2.96
spindle_large,spindle_large__PERIPHERAL_COST_STARTER__001,PERIPHERAL_COST_STARTER,1,B,0,JUST,starter,solo_fit,cost_effective,medium,514705.88,45.74,1,1.03
spindle_large,spindle_large__PERIPHERAL_COST_STARTER__002,PERIPHERAL_COST_STARTER,2,B,0,JUST,starter,solo_fit,cost_effective,medium,544117.65,47.21,1,1.09
spindle_large,spindle_large__PERIPHERAL_COST_STARTER__003,PERIPHERAL_COST_STARTER,3,B,0,JUST,starter,solo_fit,cost_effective,medium,573529.41,48.68,1,1.15
spindle_large,spindle_large__PERIPHERAL_COST_STARTER__004,PERIPHERAL_COST_STARTER,4,B,0,JUST,starter,solo_fit,cost_effective,medium,602941.18,50.15,1,1.21
spindle_large,spindle_large__PERIPHERAL_COST_STARTER__005,PERIPHERAL_COST_STARTER,5,B,0,JUST,starter,solo_fit,cost_effective,medium,632352.94,51.62,1,1.26
spindle_large,spindle_large__PERIPHERAL_COST_STARTER__006,PERIPHERAL_COST_STARTER,6,B,0,JUST,starter,solo_fit,cost_effective,medium,661764.71,53.09,1,1.32
spindle_large,spindle_large__PERIPHERAL_COST_STARTER__007,PERIPHERAL_COST_STARTER,7,B,0,JUST,starter,solo_fit,cost_effective,medium,691176.47,54.56,1,1.38
spindle_large,spindle_large__PERIPHERAL_COST_STARTER__008,PERIPHERAL_COST_STARTER,8,B,0,JUST,starter,solo_fit,cost_effective,medium,720588.24,56.03,1,1.44
spindle_large,spindle_large__PERIPHERAL_COST_STARTER__009,PERIPHERAL_COST_STARTER,9,B,0,JUST,starter,solo_fit,cost_effective,medium,750000.0,57.5,2,1.5
spindle_large,spindle_large__PERIPHERAL_COST_STARTER__010,PERIPHERAL_COST_STARTER,10,B,0,JUST,starter,solo_fit,cost_effective,medium,779411.76,58.97,2,1.56
spindle_large,spindle_large__PERIPHERAL_COST_STARTER__011,PERIPHERAL_COST_STARTER,11,B,0,JUST,starter,solo_fit,cost_effective,medium,808823.53,60.44,2,1.62
spindle_large,spindle_large__PERIPHERAL_COST_STARTER__012,PERIPHERAL_COST_STARTER,12,B,0,JUST,starter,solo_fit,cost_effective,medium,838235.29,61.91,2,1.68
spindle_large,spindle_large__PERIPHERAL_COST_STARTER__013,PERIPHERAL_COST_STARTER,13,B,0,JUST,starter,solo_fit,cost_effective,medium,867647.06,63.38,2,1.74
spindle_large,spindle_large__PERIPHERAL_COST_STARTER__014,PERIPHERAL_COST_STARTER,14,B,0,JUST,starter,solo_fit,cost_effective,medium,897058.82,64.85,2,1.79
spindle_large,spindle_large__PERIPHERAL_COST_STARTER__015,PERIPHERAL_COST_STARTER,15,B,0,JUST,starter,solo_fit,cost_effective,medium,926470.59,66.32,2,1.85
spindle_large,spindle_large__PERIPHERAL_COST_STARTER__016,PERIPHERAL_COST_STARTER,16,B,0,JUST,starter,solo_fit,cost_effective,medium,955882.35,67.79,2,1.91
spindle_large,spindle_large__PERIPHERAL_COST_STARTER__017,PERIPHERAL_COST_STARTER,17,B,0,JUST,starter,solo_fit,cost_effective,medium,985294.12,69.26,2,1.97
spindle_large,spindle_large__PERIPHERAL_MULTI_CHILD_LARGE__001,PERIPHERAL_MULTI_CHILD_LARGE,1,B,0,IMPROVE,starter_upgrade,multi_child_fit,self_use_comfort,medium,1864285.71,121.79,4,2.04
spindle_large,spindle_large__PERIPHERAL_MULTI_CHILD_LARGE__002,PERIPHERAL_MULTI_CHILD_LARGE,2,B,0,IMPROVE,starter_upgrade,multi_child_fit,self_use_comfort,medium,1992857.14,125.36,4,2.11
spindle_large,spindle_large__PERIPHERAL_MULTI_CHILD_LARGE__003,PERIPHERAL_MULTI_CHILD_LARGE,3,B,0,IMPROVE,starter_upgrade,multi_child_fit,self_use_comfort,medium,2121428.57,128.93,4,2.18
spindle_large,spindle_large__PERIPHERAL_MULTI_CHILD_LARGE__004,PERIPHERAL_MULTI_CHILD_LARGE,4,B,0,IMPROVE,starter_upgrade,multi_child_fit,self_use_comfort,medium,2250000.0,132.5,4,2.25
spindle_large,spindle_large__PERIPHERAL_MULTI_CHILD_LARGE__005,PERIPHERAL_MULTI_CHILD_LARGE,5,B,0,IMPROVE,starter_upgrade,multi_child_fit,self_use_comfort,medium,2378571.43,136.07,4,2.32
spindle_large,spindle_large__PERIPHERAL_MULTI_CHILD_LARGE__006,PERIPHERAL_MULTI_CHILD_LARGE,6,B,0,IMPROVE,starter_upgrade,multi_child_fit,self_use_comfort,medium,2507142.86,139.64,4,2.39
spindle_large,spindle_large__PERIPHERAL_MULTI_CHILD_LARGE__007,PERIPHERAL_MULTI_CHILD_LARGE,7,B,0,IMPROVE,starter_upgrade,multi_child_fit,self_use_comfort,medium,2635714.29,143.21,4,2.46
spindle_large,spindle_large__PERIPHERAL_MULTI_CHILD_LARGE__008,PERIPHERAL_MULTI_CHILD_LARGE,8,B,0,IMPROVE,starter_upgrade,multi_child_fit,self_use_comfort,medium,2764285.71,146.79,5,2.54
spindle_large,spindle_large__PERIPHERAL_MULTI_CHILD_LARGE__009,PERIPHERAL_MULTI_CHILD_LARGE,9,B,0,IMPROVE,starter_upgrade,multi_child_fit,self_use_comfort,medium,2892857.14,150.36,5,2.61
spindle_large,spindle_large__PERIPHERAL_MULTI_CHILD_LARGE__010,PERIPHERAL_MULTI_CHILD_LARGE,10,B,0,IMPROVE,starter_upgrade,multi_child_fit,self_use_comfort,medium,3021428.57,153.93,5,2.68
spindle_large,spindle_large__PERIPHERAL_MULTI_CHILD_LARGE__011,PERIPHERAL_MULTI_CHILD_LARGE,11,B,0,IMPROVE,starter_upgrade,multi_child_fit,self_use_comfort,medium,3150000.0,157.5,5,2.75
spindle_large,spindle_large__PERIPHERAL_MULTI_CHILD_LARGE__012,PERIPHERAL_MULTI_CHILD_LARGE,12,B,0,IMPROVE,starter_upgrade,multi_child_fit,self_use_comfort,medium,3278571.43,161.07,5,2.82
spindle_large,spindle_large__PERIPHERAL_MULTI_CHILD_LARGE__013,PERIPHERAL_MULTI_CHILD_LARGE,13,B,0,IMPROVE,starter_upgrade,multi_child_fit,self_use_comfort,medium,3407142.86,164.64,5,2.89
spindle_large,spindle_large__PERIPHERAL_MULTI_CHILD_LARGE__014,PERIPHERAL_MULTI_CHILD_LARGE,14,B,0,IMPROVE,starter_upgrade,multi_child_fit,self_use_comfort,medium,3535714.29,168.21,5,2.96
spindle_large,spindle_large__SENIOR_FRIENDLY_COMFORT__001,SENIOR_FRIENDLY_COMFORT,1,A,0,IMPROVE,senior_friendly,eldercare_fit,self_use_comfort,medium,3108333.33,86.46,2,3.04
spindle_large,spindle_large__SENIOR_FRIENDLY_COMFORT__002,SENIOR_FRIENDLY_COMFORT,2,A,0,IMPROVE,senior_friendly,eldercare_fit,self_use_comfort,medium,3325000.0,89.38,2,3.12
spindle_large,spindle_large__SENIOR_FRIENDLY_COMFORT__003,SENIOR_FRIENDLY_COMFORT,3,A,0,IMPROVE,senior_friendly,eldercare_fit,self_use_comfort,medium,3541666.67,92.29,2,3.21
spindle_large,spindle_large__SENIOR_FRIENDLY_COMFORT__004,SENIOR_FRIENDLY_COMFORT,4,A,0,IMPROVE,senior_friendly,eldercare_fit,self_use_comfort,medium,3758333.33,95.21,2,3.29
spindle_large,spindle_large__SENIOR_FRIENDLY_COMFORT__005,SENIOR_FRIENDLY_COMFORT,5,A,0,IMPROVE,senior_friendly,eldercare_fit,self_use_comfort,medium,3975000.0,98.12,2,3.38
spindle_large,spindle_large__SENIOR_FRIENDLY_COMFORT__006,SENIOR_FRIENDLY_COMFORT,6,A,0,IMPROVE,senior_friendly,eldercare_fit,self_use_comfort,medium,4191666.67,101.04,2,3.46
spindle_large,spindle_large__SENIOR_FRIENDLY_COMFORT__007,SENIOR_FRIENDLY_COMFORT,7,A,0,IMPROVE,senior_friendly,eldercare_fit,self_use_comfort,medium,4408333.33,103.96,3,3.54
spindle_large,spindle_large__SENIOR_FRIENDLY_COMFORT__008,SENIOR_FRIENDLY_COMFORT,8,A,0,IMPROVE,senior_friendly,eldercare_fit,self_use_comfort,medium,4625000.0,106.88,3,3.62
spindle_large,spindle_large__SENIOR_FRIENDLY_COMFORT__009,SENIOR_FRIENDLY_COMFORT,9,A,0,IMPROVE,senior_friendly,eldercare_fit,self_use_comfort,medium,4841666.67,109.79,3,3.71
spindle_large,spindle_large__SENIOR_FRIENDLY_COMFORT__010,SENIOR_FRIENDLY_COMFORT,10,A,0,IMPROVE,senior_friendly,eldercare_fit,self_use_comfort,medium,5058333.33,112.71,3,3.79
spindle_large,spindle_large__SENIOR_FRIENDLY_COMFORT__011,SENIOR_FRIENDLY_COMFORT,11,A,0,IMPROVE,senior_friendly,eldercare_fit,self_use_comfort,medium,5275000.0,115.62,3,3.88
spindle_large,spindle_large__SENIOR_FRIENDLY_COMFORT__012,SENIOR_FRIENDLY_COMFORT,12,A,0,IMPROVE,senior_friendly,eldercare_fit,self_use_comfort,medium,5491666.67,118.54,3,3.96
spindle_large,spindle_large__SUBCORE_GENERAL_SCHOOL_STARTER__001,SUBCORE_GENERAL_SCHOOL_STARTER,1,B,1,JUST,starter,three_person_fit,cost_effective,high,921428.57,70.6,2,1.02
spindle_large,spindle_large__SUBCORE_GENERAL_SCHOOL_STARTER__002,SUBCORE_GENERAL_SCHOOL_STARTER,2,B,1,JUST,starter,three_person_fit,cost_effective,high,964285.71,71.79,2,1.07
spindle_large,spindle_large__SUBCORE_GENERAL_SCHOOL_STARTER__003,SUBCORE_GENERAL_SCHOOL_STARTER,3,B,1,JUST,starter,three_person_fit,cost_effective,high,1007142.86,72.98,2,1.12
spindle_large,spindle_large__SUBCORE_GENERAL_SCHOOL_STARTER__004,SUBCORE_GENERAL_SCHOOL_STARTER,4,B,1,JUST,starter,three_person_fit,cost_effective,high,1050000.0,74.17,2,1.17
spindle_large,spindle_large__SUBCORE_GENERAL_SCHOOL_STARTER__005,SUBCORE_GENERAL_SCHOOL_STARTER,5,B,1,JUST,starter,three_person_fit,cost_effective,high,1092857.14,75.36,2,1.21
spindle_large,spindle_large__SUBCORE_GENERAL_SCHOOL_STARTER__006,SUBCORE_GENERAL_SCHOOL_STARTER,6,B,1,JUST,starter,three_person_fit,cost_effective,high,1135714.29,76.55,2,1.26
spindle_large,spindle_large__SUBCORE_GENERAL_SCHOOL_STARTER__007,SUBCORE_GENERAL_SCHOOL_STARTER,7,B,1,JUST,starter,three_person_fit,cost_effective,high,1178571.43,77.74,2,1.31
spindle_large,spindle_large__SUBCORE_GENERAL_SCHOOL_STARTER__008,SUBCORE_GENERAL_SCHOOL_STARTER,8,B,1,JUST,starter,three_person_fit,cost_effective,high,1221428.57,78.93,2,1.36
spindle_large,spindle_large__SUBCORE_GENERAL_SCHOOL_STARTER__009,SUBCORE_GENERAL_SCHOOL_STARTER,9,B,1,JUST,starter,three_person_fit,cost_effective,high,1264285.71,80.12,2,1.4
spindle_large,spindle_large__SUBCORE_GENERAL_SCHOOL_STARTER__010,SUBCORE_GENERAL_SCHOOL_STARTER,10,B,1,JUST,starter,three_person_fit,cost_effective,high,1307142.86,81.31,2,1.45
spindle_large,spindle_large__SUBCORE_GENERAL_SCHOOL_STARTER__011,SUBCORE_GENERAL_SCHOOL_STARTER,11,B,1,JUST,starter,three_person_fit,cost_effective,high,1350000.0,82.5,2,1.5
spindle_large,spindle_large__SUBCORE_GENERAL_SCHOOL_STARTER__012,SUBCORE_GENERAL_SCHOOL_STARTER,12,B,1,JUST,starter,three_person_fit,cost_effective,high,1392857.14,83.69,3,1.55
spindle_large,spindle_large__SUBCORE_GENERAL_SCHOOL_STARTER__013,SUBCORE_GENERAL_SCHOOL_STARTER,13,B,1,JUST,starter,three_person_fit,cost_effective,high,1435714.29,84.88,3,1.6
spindle_large,spindle_large__SUBCORE_GENERAL_SCHOOL_STARTER__014,SUBCORE_GENERAL_SCHOOL_STARTER,14,B,1,JUST,starter,three_person_fit,cost_effective,high,1478571.43,86.07,3,1.64
spindle_large,spindle_large__SUBCORE_GENERAL_SCHOOL_STARTER__015,SUBCORE_GENERAL_SCHOOL_STARTER,15,B,1,JUST,starter,three_person_fit,cost_effective,high,1521428.57,87.26,3,1.69
spindle_large,spindle_large__SUBCORE_GENERAL_SCHOOL_STARTER__016,SUBCORE_GENERAL_SCHOOL_STARTER,16,B,1,JUST,starter,three_person_fit,cost_effective,high,1564285.71,88.45,3,1.74
spindle_large,spindle_large__SUBCORE_GENERAL_SCHOOL_STARTER__017,SUBCORE_GENERAL_SCHOOL_STARTER,17,B,1,JUST,starter,three_person_fit,cost_effective,high,1607142.86,89.64,3,1.79
spindle_large,spindle_large__SUBCORE_GENERAL_SCHOOL_STARTER__018,SUBCORE_GENERAL_SCHOOL_STARTER,18,B,1,JUST,starter,three_person_fit,cost_effective,high,1650000.0,90.83,3,1.83
spindle_large,spindle_large__SUBCORE_GENERAL_SCHOOL_STARTER__019,SUBCORE_GENERAL_SCHOOL_STARTER,19,B,1,JUST,starter,three_person_fit,cost_effective,high,1692857.14,92.02,3,1.88
spindle_large,spindle_large__SUBCORE_GENERAL_SCHOOL_STARTER__020,SUBCORE_GENERAL_SCHOOL_STARTER,20,B,1,JUST,starter,three_person_fit,cost_effective,high,1735714.29,93.21,3,1.93
spindle_large,spindle_large__SUBCORE_GENERAL_SCHOOL_STARTER__021,SUBCORE_GENERAL_SCHOOL_STARTER,21,B,1,JUST,starter,three_person_fit,cost_effective,high,1778571.43,94.4,3,1.98
spindle_large,spindle_large__SUBCORE_IMPROVE_FAMILY__001,SUBCORE_IMPROVE_FAMILY,1,B,1,IMPROVE,improve,three_person_fit,self_use_comfort,medium,2258823.53,96.03,3,2.03
spindle_large,spindle_large__SUBCORE_IMPROVE_FAMILY__002,SUBCORE_IMPROVE_FAMILY,2,B,1,IMPROVE,improve,three_person_fit,self_use_comfort,medium,2376470.59,98.09,3,2.09
spindle_large,spindle_large__SUBCORE_IMPROVE_FAMILY__003,SUBCORE_IMPROVE_FAMILY,3,B,1,IMPROVE,improve,three_person_fit,self_use_comfort,medium,2494117.65,100.15,3,2.15
spindle_large,spindle_large__SUBCORE_IMPROVE_FAMILY__004,SUBCORE_IMPROVE_FAMILY,4,B,1,IMPROVE,improve,three_person_fit,self_use_comfort,medium,2611764.71,102.21,3,2.21
spindle_large,spindle_large__SUBCORE_IMPROVE_FAMILY__005,SUBCORE_IMPROVE_FAMILY,5,B,1,IMPROVE,improve,three_person_fit,self_use_comfort,medium,2729411.76,104.26,3,2.26
spindle_large,spindle_large__SUBCORE_IMPROVE_FAMILY__006,SUBCORE_IMPROVE_FAMILY,6,B,1,IMPROVE,improve,three_person_fit,self_use_comfort,medium,2847058.82,106.32,3,2.32
spindle_large,spindle_large__SUBCORE_IMPROVE_FAMILY__007,SUBCORE_IMPROVE_FAMILY,7,B,1,IMPROVE,improve,three_person_fit,self_use_comfort,medium,2964705.88,108.38,3,2.38
spindle_large,spindle_large__SUBCORE_IMPROVE_FAMILY__008,SUBCORE_IMPROVE_FAMILY,8,B,1,IMPROVE,improve,three_person_fit,self_use_comfort,medium,3082352.94,110.44,3,2.44
spindle_large,spindle_large__SUBCORE_IMPROVE_FAMILY__009,SUBCORE_IMPROVE_FAMILY,9,B,1,IMPROVE,improve,three_person_fit,self_use_comfort,medium,3200000.0,112.5,4,2.5
spindle_large,spindle_large__SUBCORE_IMPROVE_FAMILY__010,SUBCORE_IMPROVE_FAMILY,10,B,1,IMPROVE,improve,three_person_fit,self_use_comfort,medium,3317647.06,114.56,4,2.56
spindle_large,spindle_large__SUBCORE_IMPROVE_FAMILY__011,SUBCORE_IMPROVE_FAMILY,11,B,1,IMPROVE,improve,three_person_fit,self_use_comfort,medium,3435294.12,116.62,4,2.62
spindle_large,spindle_large__SUBCORE_IMPROVE_FAMILY__012,SUBCORE_IMPROVE_FAMILY,12,B,1,IMPROVE,improve,three_person_fit,self_use_comfort,medium,3552941.18,118.68,4,2.68
spindle_large,spindle_large__SUBCORE_IMPROVE_FAMILY__013,SUBCORE_IMPROVE_FAMILY,13,B,1,IMPROVE,improve,three_person_fit,self_use_comfort,medium,3670588.24,120.74,4,2.74
spindle_large,spindle_large__SUBCORE_IMPROVE_FAMILY__014,SUBCORE_IMPROVE_FAMILY,14,B,1,IMPROVE,improve,three_person_fit,self_use_comfort,medium,3788235.29,122.79,4,2.79
spindle_large,spindle_large__SUBCORE_IMPROVE_FAMILY__015,SUBCORE_IMPROVE_FAMILY,15,B,1,IMPROVE,improve,three_person_fit,self_use_comfort,medium,3905882.35,124.85,4,2.85
spindle_large,spindle_large__SUBCORE_IMPROVE_FAMILY__016,SUBCORE_IMPROVE_FAMILY,16,B,1,IMPROVE,improve,three_person_fit,self_use_comfort,medium,4023529.41,126.91,4,2.91
spindle_large,spindle_large__SUBCORE_IMPROVE_FAMILY__017,SUBCORE_IMPROVE_FAMILY,17,B,1,IMPROVE,improve,three_person_fit,self_use_comfort,medium,4141176.47,128.97,4,2.97
spindle_large,spindle_large__SUBCORE_NONSCHOOL_STARTER__001,SUBCORE_NONSCHOOL_STARTER,1,B,0,JUST,starter,solo_fit,cost_effective,high,667857.14,50.71,1,1.02
spindle_large,spindle_large__SUBCORE_NONSCHOOL_STARTER__002,SUBCORE_NONSCHOOL_STARTER,2,B,0,JUST,starter,solo_fit,cost_effective,high,703571.43,52.14,1,1.07
spindle_large,spindle_large__SUBCORE_NONSCHOOL_STARTER__003,SUBCORE_NONSCHOOL_STARTER,3,B,0,JUST,starter,solo_fit,cost_effective,high,739285.71,53.57,1,1.12
spindle_large,spindle_large__SUBCORE_NONSCHOOL_STARTER__004,SUBCORE_NONSCHOOL_STARTER,4,B,0,JUST,starter,solo_fit,cost_effective,high,775000.0,55.0,1,1.17
spindle_large,spindle_large__SUBCORE_NONSCHOOL_STARTER__005,SUBCORE_NONSCHOOL_STARTER,5,B,0,JUST,starter,solo_fit,cost_effective,high,810714.29,56.43,1,1.21
spindle_large,spindle_large__SUBCORE_NONSCHOOL_STARTER__006,SUBCORE_NONSCHOOL_STARTER,6,B,0,JUST,starter,solo_fit,cost_effective,high,846428.57,57.86,1,1.26
spindle_large,spindle_large__SUBCORE_NONSCHOOL_STARTER__007,SUBCORE_NONSCHOOL_STARTER,7,B,0,JUST,starter,solo_fit,cost_effective,high,882142.86,59.29,1,1.31
spindle_large,spindle_large__SUBCORE_NONSCHOOL_STARTER__008,SUBCORE_NONSCHOOL_STARTER,8,B,0,JUST,starter,solo_fit,cost_effective,high,917857.14,60.71,1,1.36
spindle_large,spindle_large__SUBCORE_NONSCHOOL_STARTER__009,SUBCORE_NONSCHOOL_STARTER,9,B,0,JUST,starter,solo_fit,cost_effective,high,953571.43,62.14,1,1.4
spindle_large,spindle_large__SUBCORE_NONSCHOOL_STARTER__010,SUBCORE_NONSCHOOL_STARTER,10,B,0,JUST,starter,solo_fit,cost_effective,high,989285.71,63.57,1,1.45
spindle_large,spindle_large__SUBCORE_NONSCHOOL_STARTER__011,SUBCORE_NONSCHOOL_STARTER,11,B,0,JUST,starter,solo_fit,cost_effective,high,1025000.0,65.0,2,1.5
spindle_large,spindle_large__SUBCORE_NONSCHOOL_STARTER__012,SUBCORE_NONSCHOOL_STARTER,12,B,0,JUST,starter,solo_fit,cost_effective,high,1060714.29,66.43,2,1.55
spindle_large,spindle_large__SUBCORE_NONSCHOOL_STARTER__013,SUBCORE_NONSCHOOL_STARTER,13,B,0,JUST,starter,solo_fit,cost_effective,high,1096428.57,67.86,2,1.6
spindle_large,spindle_large__SUBCORE_NONSCHOOL_STARTER__014,SUBCORE_NONSCHOOL_STARTER,14,B,0,JUST,starter,solo_fit,cost_effective,high,1132142.86,69.29,2,1.64
spindle_large,spindle_large__SUBCORE_NONSCHOOL_STARTER__015,SUBCORE_NONSCHOOL_STARTER,15,B,0,JUST,starter,solo_fit,cost_effective,high,1167857.14,70.71,2,1.69
spindle_large,spindle_large__SUBCORE_NONSCHOOL_STARTER__016,SUBCORE_NONSCHOOL_STARTER,16,B,0,JUST,starter,solo_fit,cost_effective,high,1203571.43,72.14,2,1.74
spindle_large,spindle_large__SUBCORE_NONSCHOOL_STARTER__017,SUBCORE_NONSCHOOL_STARTER,17,B,0,JUST,starter,solo_fit,cost_effective,high,1239285.71,73.57,2,1.79
spindle_large,spindle_large__SUBCORE_NONSCHOOL_STARTER__018,SUBCORE_NONSCHOOL_STARTER,18,B,0,JUST,starter,solo_fit,cost_effective,high,1275000.0,75.0,2,1.83
spindle_large,spindle_large__SUBCORE_NONSCHOOL_STARTER__019,SUBCORE_NONSCHOOL_STARTER,19,B,0,JUST,starter,solo_fit,cost_effective,high,1310714.29,76.43,2,1.88
spindle_large,spindle_large__SUBCORE_NONSCHOOL_STARTER__020,SUBCORE_NONSCHOOL_STARTER,20,B,0,JUST,starter,solo_fit,cost_effective,high,1346428.57,77.86,2,1.93
spindle_large,spindle_large__SUBCORE_NONSCHOOL_STARTER__021,SUBCORE_NONSCHOOL_STARTER,21,B,0,JUST,starter,solo_fit,cost_effective,high,1382142.86,79.29,2,1.98
pyramid_minimum,pyramid_minimum__CORE_LUXURY_PRESERVATION__001,CORE_LUXURY_PRESERVATION,1,A,0,LUXURY,luxury,small_family_fit,scarcity,low,18000000.0,210.0,5,4.5
pyramid_minimum,pyramid_minimum__CORE_NONSCHOOL_IMPROVE__001,CORE_NONSCHOOL_IMPROVE,1,A,0,IMPROVE,improve,small_family_fit,self_use_comfort,medium,3850000.0,90.0,2,2.12
pyramid_minimum,pyramid_minimum__CORE_NONSCHOOL_IMPROVE__002,CORE_NONSCHOOL_IMPROVE,2,A,0,IMPROVE,improve,small_family_fit,self_use_comfort,medium,4350000.0,100.0,3,2.38
pyramid_minimum,pyramid_minimum__CORE_NONSCHOOL_IMPROVE__003,CORE_NONSCHOOL_IMPROVE,3,A,0,IMPROVE,improve,small_family_fit,self_use_comfort,medium,4850000.0,110.0,3,2.62
pyramid_minimum,pyramid_minimum__CORE_NONSCHOOL_IMPROVE__004,CORE_NONSCHOOL_IMPROVE,4,A,0,IMPROVE,improve,small_family_fit,self_use_comfort,medium,5350000.0,120.0,4,2.88
pyramid_minimum,pyramid_minimum__CORE_STRONG_SCHOOL_IMPROVE__001,CORE_STRONG_SCHOOL_IMPROVE,1,A,1,IMPROVE,improve,three_person_fit,preservation,medium,4787500.0,100.0,3,2.12
pyramid_minimum,pyramid_minimum__CORE_STRONG_SCHOOL_IMPROVE__002,CORE_STRONG_SCHOOL_IMPROVE,2,A,1,IMPROVE,improve,three_person_fit,preservation,medium,5362500.0,110.0,3,2.38
pyramid_minimum,pyramid_minimum__CORE_STRONG_SCHOOL_IMPROVE__003,CORE_STRONG_SCHOOL_IMPROVE,3,A,1,IMPROVE,improve,three_person_fit,preservation,medium,5937500.0,120.0,4,2.62
pyramid_minimum,pyramid_minimum__CORE_STRONG_SCHOOL_IMPROVE__004,CORE_STRONG_SCHOOL_IMPROVE,4,A,1,IMPROVE,improve,three_person_fit,preservation,medium,6512500.0,130.0,4,2.88
pyramid_minimum,pyramid_minimum__CORE_STRONG_SCHOOL_STARTER__001,CORE_STRONG_SCHOOL_STARTER,1,A,1,JUST,starter,three_person_fit,preservation,high,2712500.0,73.12,2,2.12
pyramid_minimum,pyramid_minimum__CORE_STRONG_SCHOOL_STARTER__002,CORE_STRONG_SCHOOL_STARTER,2,A,1,JUST,starter,three_person_fit,preservation,high,3137500.0,79.38,2,2.38
pyramid_minimum,pyramid_minimum__CORE_STRONG_SCHOOL_STARTER__003,CORE_STRONG_SCHOOL_STARTER,3,A,1,JUST,starter,three_person_fit,preservation,high,3562500.0,85.62,3,2.62
pyramid_minimum,pyramid_minimum__CORE_STRONG_SCHOOL_STARTER__004,CORE_STRONG_SCHOOL_STARTER,4,A,1,JUST,starter,three_person_fit,preservation,high,3987500.0,91.88,3,2.88
pyramid_minimum,pyramid_minimum__PERIPHERAL_COST_STARTER__001,PERIPHERAL_COST_STARTER,1,B,0,JUST,starter,solo_fit,cost_effective,medium,550000.0,47.5,1,1.1
pyramid_minimum,pyramid_minimum__PERIPHERAL_COST_STARTER__002,PERIPHERAL_COST_STARTER,2,B,0,JUST,starter,solo_fit,cost_effective,medium,650000.0,52.5,1,1.3
pyramid_minimum,pyramid_minimum__PERIPHERAL_COST_STARTER__003,PERIPHERAL_COST_STARTER,3,B,0,JUST,starter,solo_fit,cost_effective,medium,750000.0,57.5,2,1.5
pyramid_minimum,pyramid_minimum__PERIPHERAL_COST_STARTER__004,PERIPHERAL_COST_STARTER,4,B,0,JUST,starter,solo_fit,cost_effective,medium,850000.0,62.5,2,1.7
pyramid_minimum,pyramid_minimum__PERIPHERAL_COST_STARTER__005,PERIPHERAL_COST_STARTER,5,B,0,JUST,starter,solo_fit,cost_effective,medium,950000.0,67.5,2,1.9
pyramid_minimum,pyramid_minimum__PERIPHERAL_MULTI_CHILD_LARGE__001,PERIPHERAL_MULTI_CHILD_LARGE,1,B,0,IMPROVE,starter_upgrade,multi_child_fit,self_use_comfort,medium,2100000.0,128.33,4,2.17
pyramid_minimum,pyramid_minimum__PERIPHERAL_MULTI_CHILD_LARGE__002,PERIPHERAL_MULTI_CHILD_LARGE,2,B,0,IMPROVE,starter_upgrade,multi_child_fit,self_use_comfort,medium,2700000.0,145.0,4,2.5
pyramid_minimum,pyramid_minimum__PERIPHERAL_MULTI_CHILD_LARGE__003,PERIPHERAL_MULTI_CHILD_LARGE,3,B,0,IMPROVE,starter_upgrade,multi_child_fit,self_use_comfort,medium,3300000.0,161.67,5,2.83
pyramid_minimum,pyramid_minimum__SENIOR_FRIENDLY_COMFORT__001,SENIOR_FRIENDLY_COMFORT,1,A,0,IMPROVE,senior_friendly,eldercare_fit,self_use_comfort,medium,3433333.33,90.83,2,3.17
pyramid_minimum,pyramid_minimum__SENIOR_FRIENDLY_COMFORT__002,SENIOR_FRIENDLY_COMFORT,2,A,0,IMPROVE,senior_friendly,eldercare_fit,self_use_comfort,medium,4300000.0,102.5,2,3.5
pyramid_minimum,pyramid_minimum__SENIOR_FRIENDLY_COMFORT__003,SENIOR_FRIENDLY_COMFORT,3,A,0,IMPROVE,senior_friendly,eldercare_fit,self_use_comfort,medium,5166666.67,114.17,3,3.83
pyramid_minimum,pyramid_minimum__SUBCORE_GENERAL_SCHOOL_STARTER__001,SUBCORE_GENERAL_SCHOOL_STARTER,1,B,1,JUST,starter,three_person_fit,cost_effective,high,975000.0,72.08,2,1.08
pyramid_minimum,pyramid_minimum__SUBCORE_GENERAL_SCHOOL_STARTER__002,SUBCORE_GENERAL_SCHOOL_STARTER,2,B,1,JUST,starter,three_person_fit,cost_effective,high,1125000.0,76.25,2,1.25
pyramid_minimum,pyramid_minimum__SUBCORE_GENERAL_SCHOOL_STARTER__003,SUBCORE_GENERAL_SCHOOL_STARTER,3,B,1,JUST,starter,three_person_fit,cost_effective,high,1275000.0,80.42,2,1.42
pyramid_minimum,pyramid_minimum__SUBCORE_GENERAL_SCHOOL_STARTER__004,SUBCORE_GENERAL_SCHOOL_STARTER,4,B,1,JUST,starter,three_person_fit,cost_effective,high,1425000.0,84.58,3,1.58
pyramid_minimum,pyramid_minimum__SUBCORE_GENERAL_SCHOOL_STARTER__005,SUBCORE_GENERAL_SCHOOL_STARTER,5,B,1,JUST,starter,three_person_fit,cost_effective,high,1575000.0,88.75,3,1.75
pyramid_minimum,pyramid_minimum__SUBCORE_GENERAL_SCHOOL_STARTER__006,SUBCORE_GENERAL_SCHOOL_STARTER,6,B,1,JUST,starter,three_person_fit,cost_effective,high,1725000.0,92.92,3,1.92
pyramid_minimum,pyramid_minimum__SUBCORE_IMPROVE_FAMILY__001,SUBCORE_IMPROVE_FAMILY,1,B,1,IMPROVE,improve,three_person_fit,self_use_comfort,medium,2533333.33,100.83,3,2.17
pyramid_minimum,pyramid_minimum__SUBCORE_IMPROVE_FAMILY__002,SUBCORE_IMPROVE_FAMILY,2,B,1,IMPROVE,improve,three_person_fit,self_use_comfort,medium,3200000.0,112.5,4,2.5
pyramid_minimum,pyramid_minimum__SUBCORE_IMPROVE_FAMILY__003,SUBCORE_IMPROVE_FAMILY,3,B,1,IMPROVE,improve,three_person_fit,self_use_comfort,medium,3866666.67,124.17,4,2.83
pyramid_minimum,pyramid_minimum__SUBCORE_NONSCHOOL_STARTER__001,SUBCORE_NONSCHOOL_STARTER,1,B,0,JUST,starter,solo_fit,cost_effective,high,712500.0,52.5,1,1.08
pyramid_minimum,pyramid_minimum__SUBCORE_NONSCHOOL_STARTER__002,SUBCORE_NONSCHOOL_STARTER,2,B,0,JUST,starter,solo_fit,cost_effective,high,837500.0,57.5,1,1.25
pyramid_minimum,pyramid_minimum__SUBCORE_NONSCHOOL_STARTER__003,SUBCORE_NONSCHOOL_STARTER,3,B,0,JUST,starter,solo_fit,cost_effective,high,962500.0,62.5,1,1.42
pyramid_minimum,pyramid_minimum__SUBCORE_NONSCHOOL_STARTER__004,SUBCORE_NONSCHOOL_STARTER,4,B,0,JUST,starter,solo_fit,cost_effective,high,1087500.0,67.5,2,1.58
pyramid_minimum,pyramid_minimum__SUBCORE_NONSCHOOL_STARTER__005,SUBCORE_NONSCHOOL_STARTER,5,B,0,JUST,starter,solo_fit,cost_effective,high,1212500.0,72.5,2,1.75
pyramid_minimum,pyramid_minimum__SUBCORE_NONSCHOOL_STARTER__006,SUBCORE_NONSCHOOL_STARTER,6,B,0,JUST,starter,solo_fit,cost_effective,high,1337500.0,77.5,2,1.92
pyramid_medium,pyramid_medium__CORE_LUXURY_PRESERVATION__001,CORE_LUXURY_PRESERVATION,1,A,0,LUXURY,luxury,small_family_fit,scarcity,low,15000000.0,185.0,4,4.25
pyramid_medium,pyramid_medium__CORE_LUXURY_PRESERVATION__002,CORE_LUXURY_PRESERVATION,2,A,0,LUXURY,luxury,small_family_fit,scarcity,low,21000000.0,235.0,6,4.75
pyramid_medium,pyramid_medium__CORE_NONSCHOOL_IMPROVE__001,CORE_NONSCHOOL_IMPROVE,1,A,0,IMPROVE,improve,small_family_fit,self_use_comfort,medium,3700000.0,87.0,2,2.05
pyramid_medium,pyramid_medium__CORE_NONSCHOOL_IMPROVE__002,CORE_NONSCHOOL_IMPROVE,2,A,0,IMPROVE,improve,small_family_fit,self_use_comfort,medium,3900000.0,91.0,2,2.15
pyramid_medium,pyramid_medium__CORE_NONSCHOOL_IMPROVE__003,CORE_NONSCHOOL_IMPROVE,3,A,0,IMPROVE,improve,small_family_fit,self_use_comfort,medium,4100000.0,95.0,2,2.25
pyramid_medium,pyramid_medium__CORE_NONSCHOOL_IMPROVE__004,CORE_NONSCHOOL_IMPROVE,4,A,0,IMPROVE,improve,small_family_fit,self_use_comfort,medium,4300000.0,99.0,3,2.35
pyramid_medium,pyramid_medium__CORE_NONSCHOOL_IMPROVE__005,CORE_NONSCHOOL_IMPROVE,5,A,0,IMPROVE,improve,small_family_fit,self_use_comfort,medium,4500000.0,103.0,3,2.45
pyramid_medium,pyramid_medium__CORE_NONSCHOOL_IMPROVE__006,CORE_NONSCHOOL_IMPROVE,6,A,0,IMPROVE,improve,small_family_fit,self_use_comfort,medium,4700000.0,107.0,3,2.55
pyramid_medium,pyramid_medium__CORE_NONSCHOOL_IMPROVE__007,CORE_NONSCHOOL_IMPROVE,7,A,0,IMPROVE,improve,small_family_fit,self_use_comfort,medium,4900000.0,111.0,3,2.65
pyramid_medium,pyramid_medium__CORE_NONSCHOOL_IMPROVE__008,CORE_NONSCHOOL_IMPROVE,8,A,0,IMPROVE,improve,small_family_fit,self_use_comfort,medium,5100000.0,115.0,4,2.75
pyramid_medium,pyramid_medium__CORE_NONSCHOOL_IMPROVE__009,CORE_NONSCHOOL_IMPROVE,9,A,0,IMPROVE,improve,small_family_fit,self_use_comfort,medium,5300000.0,119.0,4,2.85
pyramid_medium,pyramid_medium__CORE_NONSCHOOL_IMPROVE__010,CORE_NONSCHOOL_IMPROVE,10,A,0,IMPROVE,improve,small_family_fit,self_use_comfort,medium,5500000.0,123.0,4,2.95
pyramid_medium,pyramid_medium__CORE_STRONG_SCHOOL_IMPROVE__001,CORE_STRONG_SCHOOL_IMPROVE,1,A,1,IMPROVE,improve,three_person_fit,preservation,medium,4615000.0,97.0,3,2.05
pyramid_medium,pyramid_medium__CORE_STRONG_SCHOOL_IMPROVE__002,CORE_STRONG_SCHOOL_IMPROVE,2,A,1,IMPROVE,improve,three_person_fit,preservation,medium,4845000.0,101.0,3,2.15
pyramid_medium,pyramid_medium__CORE_STRONG_SCHOOL_IMPROVE__003,CORE_STRONG_SCHOOL_IMPROVE,3,A,1,IMPROVE,improve,three_person_fit,preservation,medium,5075000.0,105.0,3,2.25
pyramid_medium,pyramid_medium__CORE_STRONG_SCHOOL_IMPROVE__004,CORE_STRONG_SCHOOL_IMPROVE,4,A,1,IMPROVE,improve,three_person_fit,preservation,medium,5305000.0,109.0,3,2.35
pyramid_medium,pyramid_medium__CORE_STRONG_SCHOOL_IMPROVE__005,CORE_STRONG_SCHOOL_IMPROVE,5,A,1,IMPROVE,improve,three_person_fit,preservation,medium,5535000.0,113.0,3,2.45
pyramid_medium,pyramid_medium__CORE_STRONG_SCHOOL_IMPROVE__006,CORE_STRONG_SCHOOL_IMPROVE,6,A,1,IMPROVE,improve,three_person_fit,preservation,medium,5765000.0,117.0,4,2.55
pyramid_medium,pyramid_medium__CORE_STRONG_SCHOOL_IMPROVE__007,CORE_STRONG_SCHOOL_IMPROVE,7,A,1,IMPROVE,improve,three_person_fit,preservation,medium,5995000.0,121.0,4,2.65
pyramid_medium,pyramid_medium__CORE_STRONG_SCHOOL_IMPROVE__008,CORE_STRONG_SCHOOL_IMPROVE,8,A,1,IMPROVE,improve,three_person_fit,preservation,medium,6225000.0,125.0,4,2.75
pyramid_medium,pyramid_medium__CORE_STRONG_SCHOOL_IMPROVE__009,CORE_STRONG_SCHOOL_IMPROVE,9,A,1,IMPROVE,improve,three_person_fit,preservation,medium,6455000.0,129.0,4,2.85
pyramid_medium,pyramid_medium__CORE_STRONG_SCHOOL_IMPROVE__010,CORE_STRONG_SCHOOL_IMPROVE,10,A,1,IMPROVE,improve,three_person_fit,preservation,medium,6685000.0,133.0,4,2.95
pyramid_medium,pyramid_medium__CORE_STRONG_SCHOOL_STARTER__001,CORE_STRONG_SCHOOL_STARTER,1,A,1,JUST,starter,three_person_fit,preservation,high,2585000.0,71.25,2,2.05
pyramid_medium,pyramid_medium__CORE_STRONG_SCHOOL_STARTER__002,CORE_STRONG_SCHOOL_STARTER,2,A,1,JUST,starter,three_person_fit,preservation,high,2755000.0,73.75,2,2.15
pyramid_medium,pyramid_medium__CORE_STRONG_SCHOOL_STARTER__003,CORE_STRONG_SCHOOL_STARTER,3,A,1,JUST,starter,three_person_fit,preservation,high,2925000.0,76.25,2,2.25
pyramid_medium,pyramid_medium__CORE_STRONG_SCHOOL_STARTER__004,CORE_STRONG_SCHOOL_STARTER,4,A,1,JUST,starter,three_person_fit,preservation,high,3095000.0,78.75,2,2.35
pyramid_medium,pyramid_medium__CORE_STRONG_SCHOOL_STARTER__005,CORE_STRONG_SCHOOL_STARTER,5,A,1,JUST,starter,three_person_fit,preservation,high,3265000.0,81.25,2,2.45
pyramid_medium,pyramid_medium__CORE_STRONG_SCHOOL_STARTER__006,CORE_STRONG_SCHOOL_STARTER,6,A,1,JUST,starter,three_person_fit,preservation,high,3435000.0,83.75,3,2.55
pyramid_medium,pyramid_medium__CORE_STRONG_SCHOOL_STARTER__007,CORE_STRONG_SCHOOL_STARTER,7,A,1,JUST,starter,three_person_fit,preservation,high,3605000.0,86.25,3,2.65
pyramid_medium,pyramid_medium__CORE_STRONG_SCHOOL_STARTER__008,CORE_STRONG_SCHOOL_STARTER,8,A,1,JUST,starter,three_person_fit,preservation,high,3775000.0,88.75,3,2.75
pyramid_medium,pyramid_medium__CORE_STRONG_SCHOOL_STARTER__009,CORE_STRONG_SCHOOL_STARTER,9,A,1,JUST,starter,three_person_fit,preservation,high,3945000.0,91.25,3,2.85
pyramid_medium,pyramid_medium__CORE_STRONG_SCHOOL_STARTER__010,CORE_STRONG_SCHOOL_STARTER,10,A,1,JUST,starter,three_person_fit,preservation,high,4115000.0,93.75,3,2.95
pyramid_medium,pyramid_medium__PERIPHERAL_COST_STARTER__001,PERIPHERAL_COST_STARTER,1,B,0,JUST,starter,solo_fit,cost_effective,medium,520833.33,46.04,1,1.04
pyramid_medium,pyramid_medium__PERIPHERAL_COST_STARTER__002,PERIPHERAL_COST_STARTER,2,B,0,JUST,starter,solo_fit,cost_effective,medium,562500.0,48.12,1,1.12
pyramid_medium,pyramid_medium__PERIPHERAL_COST_STARTER__003,PERIPHERAL_COST_STARTER,3,B,0,JUST,starter,solo_fit,cost_effective,medium,604166.67,50.21,1,1.21
pyramid_medium,pyramid_medium__PERIPHERAL_COST_STARTER__004,PERIPHERAL_COST_STARTER,4,B,0,JUST,starter,solo_fit,cost_effective,medium,645833.33,52.29,1,1.29
pyramid_medium,pyramid_medium__PERIPHERAL_COST_STARTER__005,PERIPHERAL_COST_STARTER,5,B,0,JUST,starter,solo_fit,cost_effective,medium,687500.0,54.38,1,1.38
pyramid_medium,pyramid_medium__PERIPHERAL_COST_STARTER__006,PERIPHERAL_COST_STARTER,6,B,0,JUST,starter,solo_fit,cost_effective,medium,729166.67,56.46,1,1.46
pyramid_medium,pyramid_medium__PERIPHERAL_COST_STARTER__007,PERIPHERAL_COST_STARTER,7,B,0,JUST,starter,solo_fit,cost_effective,medium,770833.33,58.54,2,1.54
pyramid_medium,pyramid_medium__PERIPHERAL_COST_STARTER__008,PERIPHERAL_COST_STARTER,8,B,0,JUST,starter,solo_fit,cost_effective,medium,812500.0,60.62,2,1.62
pyramid_medium,pyramid_medium__PERIPHERAL_COST_STARTER__009,PERIPHERAL_COST_STARTER,9,B,0,JUST,starter,solo_fit,cost_effective,medium,854166.67,62.71,2,1.71
pyramid_medium,pyramid_medium__PERIPHERAL_COST_STARTER__010,PERIPHERAL_COST_STARTER,10,B,0,JUST,starter,solo_fit,cost_effective,medium,895833.33,64.79,2,1.79
pyramid_medium,pyramid_medium__PERIPHERAL_COST_STARTER__011,PERIPHERAL_COST_STARTER,11,B,0,JUST,starter,solo_fit,cost_effective,medium,937500.0,66.88,2,1.88
pyramid_medium,pyramid_medium__PERIPHERAL_COST_STARTER__012,PERIPHERAL_COST_STARTER,12,B,0,JUST,starter,solo_fit,cost_effective,medium,979166.67,68.96,2,1.96
pyramid_medium,pyramid_medium__PERIPHERAL_MULTI_CHILD_LARGE__001,PERIPHERAL_MULTI_CHILD_LARGE,1,B,0,IMPROVE,starter_upgrade,multi_child_fit,self_use_comfort,medium,1928571.43,123.57,4,2.07
pyramid_medium,pyramid_medium__PERIPHERAL_MULTI_CHILD_LARGE__002,PERIPHERAL_MULTI_CHILD_LARGE,2,B,0,IMPROVE,starter_upgrade,multi_child_fit,self_use_comfort,medium,2185714.29,130.71,4,2.21
pyramid_medium,pyramid_medium__PERIPHERAL_MULTI_CHILD_LARGE__003,PERIPHERAL_MULTI_CHILD_LARGE,3,B,0,IMPROVE,starter_upgrade,multi_child_fit,self_use_comfort,medium,2442857.14,137.86,4,2.36
pyramid_medium,pyramid_medium__PERIPHERAL_MULTI_CHILD_LARGE__004,PERIPHERAL_MULTI_CHILD_LARGE,4,B,0,IMPROVE,starter_upgrade,multi_child_fit,self_use_comfort,medium,2700000.0,145.0,4,2.5
pyramid_medium,pyramid_medium__PERIPHERAL_MULTI_CHILD_LARGE__005,PERIPHERAL_MULTI_CHILD_LARGE,5,B,0,IMPROVE,starter_upgrade,multi_child_fit,self_use_comfort,medium,2957142.86,152.14,5,2.64
pyramid_medium,pyramid_medium__PERIPHERAL_MULTI_CHILD_LARGE__006,PERIPHERAL_MULTI_CHILD_LARGE,6,B,0,IMPROVE,starter_upgrade,multi_child_fit,self_use_comfort,medium,3214285.71,159.29,5,2.79
pyramid_medium,pyramid_medium__PERIPHERAL_MULTI_CHILD_LARGE__007,PERIPHERAL_MULTI_CHILD_LARGE,7,B,0,IMPROVE,starter_upgrade,multi_child_fit,self_use_comfort,medium,3471428.57,166.43,5,2.93
pyramid_medium,pyramid_medium__SENIOR_FRIENDLY_COMFORT__001,SENIOR_FRIENDLY_COMFORT,1,A,0,IMPROVE,senior_friendly,eldercare_fit,self_use_comfort,medium,3216666.67,87.92,2,3.08
pyramid_medium,pyramid_medium__SENIOR_FRIENDLY_COMFORT__002,SENIOR_FRIENDLY_COMFORT,2,A,0,IMPROVE,senior_friendly,eldercare_fit,self_use_comfort,medium,3650000.0,93.75,2,3.25
pyramid_medium,pyramid_medium__SENIOR_FRIENDLY_COMFORT__003,SENIOR_FRIENDLY_COMFORT,3,A,0,IMPROVE,senior_friendly,eldercare_fit,self_use_comfort,medium,4083333.33,99.58,2,3.42
pyramid_medium,pyramid_medium__SENIOR_FRIENDLY_COMFORT__004,SENIOR_FRIENDLY_COMFORT,4,A,0,IMPROVE,senior_friendly,eldercare_fit,self_use_comfort,medium,4516666.67,105.42,3,3.58
pyramid_medium,pyramid_medium__SENIOR_FRIENDLY_COMFORT__005,SENIOR_FRIENDLY_COMFORT,5,A,0,IMPROVE,senior_friendly,eldercare_fit,self_use_comfort,medium,4950000.0,111.25,3,3.75
pyramid_medium,pyramid_medium__SENIOR_FRIENDLY_COMFORT__006,SENIOR_FRIENDLY_COMFORT,6,A,0,IMPROVE,senior_friendly,eldercare_fit,self_use_comfort,medium,5383333.33,117.08,3,3.92
pyramid_medium,pyramid_medium__SUBCORE_GENERAL_SCHOOL_STARTER__001,SUBCORE_GENERAL_SCHOOL_STARTER,1,B,1,JUST,starter,three_person_fit,cost_effective,high,932142.86,70.89,2,1.04
pyramid_medium,pyramid_medium__SUBCORE_GENERAL_SCHOOL_STARTER__002,SUBCORE_GENERAL_SCHOOL_STARTER,2,B,1,JUST,starter,three_person_fit,cost_effective,high,996428.57,72.68,2,1.11
pyramid_medium,pyramid_medium__SUBCORE_GENERAL_SCHOOL_STARTER__003,SUBCORE_GENERAL_SCHOOL_STARTER,3,B,1,JUST,starter,three_person_fit,cost_effective,high,1060714.29,74.46,2,1.18
pyramid_medium,pyramid_medium__SUBCORE_GENERAL_SCHOOL_STARTER__004,SUBCORE_GENERAL_SCHOOL_STARTER,4,B,1,JUST,starter,three_person_fit,cost_effective,high,1125000.0,76.25,2,1.25
pyramid_medium,pyramid_medium__SUBCORE_GENERAL_SCHOOL_STARTER__005,SUBCORE_GENERAL_SCHOOL_STARTER,5,B,1,JUST,starter,three_person_fit,cost_effective,high,1189285.71,78.04,2,1.32
pyramid_medium,pyramid_medium__SUBCORE_GENERAL_SCHOOL_STARTER__006,SUBCORE_GENERAL_SCHOOL_STARTER,6,B,1,JUST,starter,three_person_fit,cost_effective,high,1253571.43,79.82,2,1.39
pyramid_medium,pyramid_medium__SUBCORE_GENERAL_SCHOOL_STARTER__007,SUBCORE_GENERAL_SCHOOL_STARTER,7,B,1,JUST,starter,three_person_fit,cost_effective,high,1317857.14,81.61,2,1.46
pyramid_medium,pyramid_medium__SUBCORE_GENERAL_SCHOOL_STARTER__008,SUBCORE_GENERAL_SCHOOL_STARTER,8,B,1,JUST,starter,three_person_fit,cost_effective,high,1382142.86,83.39,3,1.54
pyramid_medium,pyramid_medium__SUBCORE_GENERAL_SCHOOL_STARTER__009,SUBCORE_GENERAL_SCHOOL_STARTER,9,B,1,JUST,starter,three_person_fit,cost_effective,high,1446428.57,85.18,3,1.61
pyramid_medium,pyramid_medium__SUBCORE_GENERAL_SCHOOL_STARTER__010,SUBCORE_GENERAL_SCHOOL_STARTER,10,B,1,JUST,starter,three_person_fit,cost_effective,high,1510714.29,86.96,3,1.68
pyramid_medium,pyramid_medium__SUBCORE_GENERAL_SCHOOL_STARTER__011,SUBCORE_GENERAL_SCHOOL_STARTER,11,B,1,JUST,starter,three_person_fit,cost_effective,high,1575000.0,88.75,3,1.75
pyramid_medium,pyramid_medium__SUBCORE_GENERAL_SCHOOL_STARTER__012,SUBCORE_GENERAL_SCHOOL_STARTER,12,B,1,JUST,starter,three_person_fit,cost_effective,high,1639285.71,90.54,3,1.82
pyramid_medium,pyramid_medium__SUBCORE_GENERAL_SCHOOL_STARTER__013,SUBCORE_GENERAL_SCHOOL_STARTER,13,B,1,JUST,starter,three_person_fit,cost_effective,high,1703571.43,92.32,3,1.89
pyramid_medium,pyramid_medium__SUBCORE_GENERAL_SCHOOL_STARTER__014,SUBCORE_GENERAL_SCHOOL_STARTER,14,B,1,JUST,starter,three_person_fit,cost_effective,high,1767857.14,94.11,3,1.96
pyramid_medium,pyramid_medium__SUBCORE_IMPROVE_FAMILY__001,SUBCORE_IMPROVE_FAMILY,1,B,1,IMPROVE,improve,three_person_fit,self_use_comfort,medium,2325000.0,97.19,3,2.06
pyramid_medium,pyramid_medium__SUBCORE_IMPROVE_FAMILY__002,SUBCORE_IMPROVE_FAMILY,2,B,1,IMPROVE,improve,three_person_fit,self_use_comfort,medium,2575000.0,101.56,3,2.19
pyramid_medium,pyramid_medium__SUBCORE_IMPROVE_FAMILY__003,SUBCORE_IMPROVE_FAMILY,3,B,1,IMPROVE,improve,three_person_fit,self_use_comfort,medium,2825000.0,105.94,3,2.31
pyramid_medium,pyramid_medium__SUBCORE_IMPROVE_FAMILY__004,SUBCORE_IMPROVE_FAMILY,4,B,1,IMPROVE,improve,three_person_fit,self_use_comfort,medium,3075000.0,110.31,3,2.44
pyramid_medium,pyramid_medium__SUBCORE_IMPROVE_FAMILY__005,SUBCORE_IMPROVE_FAMILY,5,B,1,IMPROVE,improve,three_person_fit,self_use_comfort,medium,3325000.0,114.69,4,2.56
pyramid_medium,pyramid_medium__SUBCORE_IMPROVE_FAMILY__006,SUBCORE_IMPROVE_FAMILY,6,B,1,IMPROVE,improve,three_person_fit,self_use_comfort,medium,3575000.0,119.06,4,2.69
pyramid_medium,pyramid_medium__SUBCORE_IMPROVE_FAMILY__007,SUBCORE_IMPROVE_FAMILY,7,B,1,IMPROVE,improve,three_person_fit,self_use_comfort,medium,3825000.0,123.44,4,2.81
pyramid_medium,pyramid_medium__SUBCORE_IMPROVE_FAMILY__008,SUBCORE_IMPROVE_FAMILY,8,B,1,IMPROVE,improve,three_person_fit,self_use_comfort,medium,4075000.0,127.81,4,2.94
pyramid_medium,pyramid_medium__SUBCORE_NONSCHOOL_STARTER__001,SUBCORE_NONSCHOOL_STARTER,1,B,0,JUST,starter,solo_fit,cost_effective,high,676785.71,51.07,1,1.04
pyramid_medium,pyramid_medium__SUBCORE_NONSCHOOL_STARTER__002,SUBCORE_NONSCHOOL_STARTER,2,B,0,JUST,starter,solo_fit,cost_effective,high,730357.14,53.21,1,1.11
pyramid_medium,pyramid_medium__SUBCORE_NONSCHOOL_STARTER__003,SUBCORE_NONSCHOOL_STARTER,3,B,0,JUST,starter,solo_fit,cost_effective,high,783928.57,55.36,1,1.18
pyramid_medium,pyramid_medium__SUBCORE_NONSCHOOL_STARTER__004,SUBCORE_NONSCHOOL_STARTER,4,B,0,JUST,starter,solo_fit,cost_effective,high,837500.0,57.5,1,1.25
pyramid_medium,pyramid_medium__SUBCORE_NONSCHOOL_STARTER__005,SUBCORE_NONSCHOOL_STARTER,5,B,0,JUST,starter,solo_fit,cost_effective,high,891071.43,59.64,1,1.32
pyramid_medium,pyramid_medium__SUBCORE_NONSCHOOL_STARTER__006,SUBCORE_NONSCHOOL_STARTER,6,B,0,JUST,starter,solo_fit,cost_effective,high,944642.86,61.79,1,1.39
pyramid_medium,pyramid_medium__SUBCORE_NONSCHOOL_STARTER__007,SUBCORE_NONSCHOOL_STARTER,7,B,0,JUST,starter,solo_fit,cost_effective,high,998214.29,63.93,1,1.46
pyramid_medium,pyramid_medium__SUBCORE_NONSCHOOL_STARTER__008,SUBCORE_NONSCHOOL_STARTER,8,B,0,JUST,starter,solo_fit,cost_effective,high,1051785.71,66.07,2,1.54
pyramid_medium,pyramid_medium__SUBCORE_NONSCHOOL_STARTER__009,SUBCORE_NONSCHOOL_STARTER,9,B,0,JUST,starter,solo_fit,cost_effective,high,1105357.14,68.21,2,1.61
pyramid_medium,pyramid_medium__SUBCORE_NONSCHOOL_STARTER__010,SUBCORE_NONSCHOOL_STARTER,10,B,0,JUST,starter,solo_fit,cost_effective,high,1158928.57,70.36,2,1.68
pyramid_medium,pyramid_medium__SUBCORE_NONSCHOOL_STARTER__011,SUBCORE_NONSCHOOL_STARTER,11,B,0,JUST,starter,solo_fit,cost_effective,high,1212500.0,72.5,2,1.75
pyramid_medium,pyramid_medium__SUBCORE_NONSCHOOL_STARTER__012,SUBCORE_NONSCHOOL_STARTER,12,B,0,JUST,starter,solo_fit,cost_effective,high,1266071.43,74.64,2,1.82
pyramid_medium,pyramid_medium__SUBCORE_NONSCHOOL_STARTER__013,SUBCORE_NONSCHOOL_STARTER,13,B,0,JUST,starter,solo_fit,cost_effective,high,1319642.86,76.79,2,1.89
pyramid_medium,pyramid_medium__SUBCORE_NONSCHOOL_STARTER__014,SUBCORE_NONSCHOOL_STARTER,14,B,0,JUST,starter,solo_fit,cost_effective,high,1373214.29,78.93,2,1.96
pyramid_large,pyramid_large__CORE_LUXURY_PRESERVATION__001,CORE_LUXURY_PRESERVATION,1,A,0,LUXURY,luxury,small_family_fit,scarcity,low,13500000.0,172.5,4,4.12
pyramid_large,pyramid_large__CORE_LUXURY_PRESERVATION__002,CORE_LUXURY_PRESERVATION,2,A,0,LUXURY,luxury,small_family_fit,scarcity,low,16500000.0,197.5,5,4.38
pyramid_large,pyramid_large__CORE_LUXURY_PRESERVATION__003,CORE_LUXURY_PRESERVATION,3,A,0,LUXURY,luxury,small_family_fit,scarcity,low,19500000.0,222.5,5,4.62
pyramid_large,pyramid_large__CORE_LUXURY_PRESERVATION__004,CORE_LUXURY_PRESERVATION,4,A,0,LUXURY,luxury,small_family_fit,scarcity,low,22500000.0,247.5,6,4.88
pyramid_large,pyramid_large__CORE_NONSCHOOL_IMPROVE__001,CORE_NONSCHOOL_IMPROVE,1,A,0,IMPROVE,improve,small_family_fit,self_use_comfort,medium,3658823.53,86.18,2,2.03
pyramid_large,pyramid_large__CORE_NONSCHOOL_IMPROVE__002,CORE_NONSCHOOL_IMPROVE,2,A,0,IMPROVE,improve,small_family_fit,self_use_comfort,medium,3776470.59,88.53,2,2.09
pyramid_large,pyramid_large__CORE_NONSCHOOL_IMPROVE__003,CORE_NONSCHOOL_IMPROVE,3,A,0,IMPROVE,improve,small_family_fit,self_use_comfort,medium,3894117.65,90.88,2,2.15
pyramid_large,pyramid_large__CORE_NONSCHOOL_IMPROVE__004,CORE_NONSCHOOL_IMPROVE,4,A,0,IMPROVE,improve,small_family_fit,self_use_comfort,medium,4011764.71,93.24,2,2.21
pyramid_large,pyramid_large__CORE_NONSCHOOL_IMPROVE__005,CORE_NONSCHOOL_IMPROVE,5,A,0,IMPROVE,improve,small_family_fit,self_use_comfort,medium,4129411.76,95.59,3,2.26
pyramid_large,pyramid_large__CORE_NONSCHOOL_IMPROVE__006,CORE_NONSCHOOL_IMPROVE,6,A,0,IMPROVE,improve,small_family_fit,self_use_comfort,medium,4247058.82,97.94,3,2.32
pyramid_large,pyramid_large__CORE_NONSCHOOL_IMPROVE__007,CORE_NONSCHOOL_IMPROVE,7,A,0,IMPROVE,improve,small_family_fit,self_use_comfort,medium,4364705.88,100.29,3,2.38
pyramid_large,pyramid_large__CORE_NONSCHOOL_IMPROVE__008,CORE_NONSCHOOL_IMPROVE,8,A,0,IMPROVE,improve,small_family_fit,self_use_comfort,medium,4482352.94,102.65,3,2.44
pyramid_large,pyramid_large__CORE_NONSCHOOL_IMPROVE__009,CORE_NONSCHOOL_IMPROVE,9,A,0,IMPROVE,improve,small_family_fit,self_use_comfort,medium,4600000.0,105.0,3,2.5
pyramid_large,pyramid_large__CORE_NONSCHOOL_IMPROVE__010,CORE_NONSCHOOL_IMPROVE,10,A,0,IMPROVE,improve,small_family_fit,self_use_comfort,medium,4717647.06,107.35,3,2.56
pyramid_large,pyramid_large__CORE_NONSCHOOL_IMPROVE__011,CORE_NONSCHOOL_IMPROVE,11,A,0,IMPROVE,improve,small_family_fit,self_use_comfort,medium,4835294.12,109.71,3,2.62
pyramid_large,pyramid_large__CORE_NONSCHOOL_IMPROVE__012,CORE_NONSCHOOL_IMPROVE,12,A,0,IMPROVE,improve,small_family_fit,self_use_comfort,medium,4952941.18,112.06,3,2.68
pyramid_large,pyramid_large__CORE_NONSCHOOL_IMPROVE__013,CORE_NONSCHOOL_IMPROVE,13,A,0,IMPROVE,improve,small_family_fit,self_use_comfort,medium,5070588.24,114.41,3,2.74
pyramid_large,pyramid_large__CORE_NONSCHOOL_IMPROVE__014,CORE_NONSCHOOL_IMPROVE,14,A,0,IMPROVE,improve,small_family_fit,self_use_comfort,medium,5188235.29,116.76,4,2.79
pyramid_large,pyramid_large__CORE_NONSCHOOL_IMPROVE__015,CORE_NONSCHOOL_IMPROVE,15,A,0,IMPROVE,improve,small_family_fit,self_use_comfort,medium,5305882.35,119.12,4,2.85
pyramid_large,pyramid_large__CORE_NONSCHOOL_IMPROVE__016,CORE_NONSCHOOL_IMPROVE,16,A,0,IMPROVE,improve,small_family_fit,self_use_comfort,medium,5423529.41,121.47,4,2.91
pyramid_large,pyramid_large__CORE_NONSCHOOL_IMPROVE__017,CORE_NONSCHOOL_IMPROVE,17,A,0,IMPROVE,improve,small_family_fit,self_use_comfort,medium,5541176.47,123.82,4,2.97
pyramid_large,pyramid_large__CORE_STRONG_SCHOOL_IMPROVE__001,CORE_STRONG_SCHOOL_IMPROVE,1,A,1,IMPROVE,improve,three_person_fit,preservation,medium,4567647.06,96.18,3,2.03
pyramid_large,pyramid_large__CORE_STRONG_SCHOOL_IMPROVE__002,CORE_STRONG_SCHOOL_IMPROVE,2,A,1,IMPROVE,improve,three_person_fit,preservation,medium,4702941.18,98.53,3,2.09
pyramid_large,pyramid_large__CORE_STRONG_SCHOOL_IMPROVE__003,CORE_STRONG_SCHOOL_IMPROVE,3,A,1,IMPROVE,improve,three_person_fit,preservation,medium,4838235.29,100.88,3,2.15
pyramid_large,pyramid_large__CORE_STRONG_SCHOOL_IMPROVE__004,CORE_STRONG_SCHOOL_IMPROVE,4,A,1,IMPROVE,improve,three_person_fit,preservation,medium,4973529.41,103.24,3,2.21
pyramid_large,pyramid_large__CORE_STRONG_SCHOOL_IMPROVE__005,CORE_STRONG_SCHOOL_IMPROVE,5,A,1,IMPROVE,improve,three_person_fit,preservation,medium,5108823.53,105.59,3,2.26
pyramid_large,pyramid_large__CORE_STRONG_SCHOOL_IMPROVE__006,CORE_STRONG_SCHOOL_IMPROVE,6,A,1,IMPROVE,improve,three_person_fit,preservation,medium,5244117.65,107.94,3,2.32
pyramid_large,pyramid_large__CORE_STRONG_SCHOOL_IMPROVE__007,CORE_STRONG_SCHOOL_IMPROVE,7,A,1,IMPROVE,improve,three_person_fit,preservation,medium,5379411.76,110.29,3,2.38
pyramid_large,pyramid_large__CORE_STRONG_SCHOOL_IMPROVE__008,CORE_STRONG_SCHOOL_IMPROVE,8,A,1,IMPROVE,improve,three_person_fit,preservation,medium,5514705.88,112.65,3,2.44
pyramid_large,pyramid_large__CORE_STRONG_SCHOOL_IMPROVE__009,CORE_STRONG_SCHOOL_IMPROVE,9,A,1,IMPROVE,improve,three_person_fit,preservation,medium,5650000.0,115.0,4,2.5
pyramid_large,pyramid_large__CORE_STRONG_SCHOOL_IMPROVE__010,CORE_STRONG_SCHOOL_IMPROVE,10,A,1,IMPROVE,improve,three_person_fit,preservation,medium,5785294.12,117.35,4,2.56
pyramid_large,pyramid_large__CORE_STRONG_SCHOOL_IMPROVE__011,CORE_STRONG_SCHOOL_IMPROVE,11,A,1,IMPROVE,improve,three_person_fit,preservation,medium,5920588.24,119.71,4,2.62
pyramid_large,pyramid_large__CORE_STRONG_SCHOOL_IMPROVE__012,CORE_STRONG_SCHOOL_IMPROVE,12,A,1,IMPROVE,improve,three_person_fit,preservation,medium,6055882.35,122.06,4,2.68
pyramid_large,pyramid_large__CORE_STRONG_SCHOOL_IMPROVE__013,CORE_STRONG_SCHOOL_IMPROVE,13,A,1,IMPROVE,improve,three_person_fit,preservation,medium,6191176.47,124.41,4,2.74
pyramid_large,pyramid_large__CORE_STRONG_SCHOOL_IMPROVE__014,CORE_STRONG_SCHOOL_IMPROVE,14,A,1,IMPROVE,improve,three_person_fit,preservation,medium,6326470.59,126.76,4,2.79
pyramid_large,pyramid_large__CORE_STRONG_SCHOOL_IMPROVE__015,CORE_STRONG_SCHOOL_IMPROVE,15,A,1,IMPROVE,improve,three_person_fit,preservation,medium,6461764.71,129.12,4,2.85
pyramid_large,pyramid_large__CORE_STRONG_SCHOOL_IMPROVE__016,CORE_STRONG_SCHOOL_IMPROVE,16,A,1,IMPROVE,improve,three_person_fit,preservation,medium,6597058.82,131.47,4,2.91
pyramid_large,pyramid_large__CORE_STRONG_SCHOOL_IMPROVE__017,CORE_STRONG_SCHOOL_IMPROVE,17,A,1,IMPROVE,improve,three_person_fit,preservation,medium,6732352.94,133.82,4,2.97
pyramid_large,pyramid_large__CORE_STRONG_SCHOOL_STARTER__001,CORE_STRONG_SCHOOL_STARTER,1,A,1,JUST,starter,three_person_fit,preservation,high,2550000.0,70.74,2,2.03
pyramid_large,pyramid_large__CORE_STRONG_SCHOOL_STARTER__002,CORE_STRONG_SCHOOL_STARTER,2,A,1,JUST,starter,three_person_fit,preservation,high,2650000.0,72.21,2,2.09
pyramid_large,pyramid_large__CORE_STRONG_SCHOOL_STARTER__003,CORE_STRONG_SCHOOL_STARTER,3,A,1,JUST,starter,three_person_fit,preservation,high,2750000.0,73.68,2,2.15
pyramid_large,pyramid_large__CORE_STRONG_SCHOOL_STARTER__004,CORE_STRONG_SCHOOL_STARTER,4,A,1,JUST,starter,three_person_fit,preservation,high,2850000.0,75.15,2,2.21
pyramid_large,pyramid_large__CORE_STRONG_SCHOOL_STARTER__005,CORE_STRONG_SCHOOL_STARTER,5,A,1,JUST,starter,three_person_fit,preservation,high,2950000.0,76.62,2,2.26
pyramid_large,pyramid_large__CORE_STRONG_SCHOOL_STARTER__006,CORE_STRONG_SCHOOL_STARTER,6,A,1,JUST,starter,three_person_fit,preservation,high,3050000.0,78.09,2,2.32
pyramid_large,pyramid_large__CORE_STRONG_SCHOOL_STARTER__007,CORE_STRONG_SCHOOL_STARTER,7,A,1,JUST,starter,three_person_fit,preservation,high,3150000.0,79.56,2,2.38
pyramid_large,pyramid_large__CORE_STRONG_SCHOOL_STARTER__008,CORE_STRONG_SCHOOL_STARTER,8,A,1,JUST,starter,three_person_fit,preservation,high,3250000.0,81.03,2,2.44
pyramid_large,pyramid_large__CORE_STRONG_SCHOOL_STARTER__009,CORE_STRONG_SCHOOL_STARTER,9,A,1,JUST,starter,three_person_fit,preservation,high,3350000.0,82.5,2,2.5
pyramid_large,pyramid_large__CORE_STRONG_SCHOOL_STARTER__010,CORE_STRONG_SCHOOL_STARTER,10,A,1,JUST,starter,three_person_fit,preservation,high,3450000.0,83.97,3,2.56
pyramid_large,pyramid_large__CORE_STRONG_SCHOOL_STARTER__011,CORE_STRONG_SCHOOL_STARTER,11,A,1,JUST,starter,three_person_fit,preservation,high,3550000.0,85.44,3,2.62
pyramid_large,pyramid_large__CORE_STRONG_SCHOOL_STARTER__012,CORE_STRONG_SCHOOL_STARTER,12,A,1,JUST,starter,three_person_fit,preservation,high,3650000.0,86.91,3,2.68
pyramid_large,pyramid_large__CORE_STRONG_SCHOOL_STARTER__013,CORE_STRONG_SCHOOL_STARTER,13,A,1,JUST,starter,three_person_fit,preservation,high,3750000.0,88.38,3,2.74
pyramid_large,pyramid_large__CORE_STRONG_SCHOOL_STARTER__014,CORE_STRONG_SCHOOL_STARTER,14,A,1,JUST,starter,three_person_fit,preservation,high,3850000.0,89.85,3,2.79
pyramid_large,pyramid_large__CORE_STRONG_SCHOOL_STARTER__015,CORE_STRONG_SCHOOL_STARTER,15,A,1,JUST,starter,three_person_fit,preservation,high,3950000.0,91.32,3,2.85
pyramid_large,pyramid_large__CORE_STRONG_SCHOOL_STARTER__016,CORE_STRONG_SCHOOL_STARTER,16,A,1,JUST,starter,three_person_fit,preservation,high,4050000.0,92.79,3,2.91
pyramid_large,pyramid_large__CORE_STRONG_SCHOOL_STARTER__017,CORE_STRONG_SCHOOL_STARTER,17,A,1,JUST,starter,three_person_fit,preservation,high,4150000.0,94.26,3,2.97
pyramid_large,pyramid_large__PERIPHERAL_COST_STARTER__001,PERIPHERAL_COST_STARTER,1,B,0,JUST,starter,solo_fit,cost_effective,medium,511363.64,45.57,1,1.02
pyramid_large,pyramid_large__PERIPHERAL_COST_STARTER__002,PERIPHERAL_COST_STARTER,2,B,0,JUST,starter,solo_fit,cost_effective,medium,534090.91,46.7,1,1.07
pyramid_large,pyramid_large__PERIPHERAL_COST_STARTER__003,PERIPHERAL_COST_STARTER,3,B,0,JUST,starter,solo_fit,cost_effective,medium,556818.18,47.84,1,1.11
pyramid_large,pyramid_large__PERIPHERAL_COST_STARTER__004,PERIPHERAL_COST_STARTER,4,B,0,JUST,starter,solo_fit,cost_effective,medium,579545.45,48.98,1,1.16
pyramid_large,pyramid_large__PERIPHERAL_COST_STARTER__005,PERIPHERAL_COST_STARTER,5,B,0,JUST,starter,solo_fit,cost_effective,medium,602272.73,50.11,1,1.2
pyramid_large,pyramid_large__PERIPHERAL_COST_STARTER__006,PERIPHERAL_COST_STARTER,6,B,0,JUST,starter,solo_fit,cost_effective,medium,625000.0,51.25,1,1.25
pyramid_large,pyramid_large__PERIPHERAL_COST_STARTER__007,PERIPHERAL_COST_STARTER,7,B,0,JUST,starter,solo_fit,cost_effective,medium,647727.27,52.39,1,1.3
pyramid_large,pyramid_large__PERIPHERAL_COST_STARTER__008,PERIPHERAL_COST_STARTER,8,B,0,JUST,starter,solo_fit,cost_effective,medium,670454.55,53.52,1,1.34
pyramid_large,pyramid_large__PERIPHERAL_COST_STARTER__009,PERIPHERAL_COST_STARTER,9,B,0,JUST,starter,solo_fit,cost_effective,medium,693181.82,54.66,1,1.39
pyramid_large,pyramid_large__PERIPHERAL_COST_STARTER__010,PERIPHERAL_COST_STARTER,10,B,0,JUST,starter,solo_fit,cost_effective,medium,715909.09,55.8,1,1.43
pyramid_large,pyramid_large__PERIPHERAL_COST_STARTER__011,PERIPHERAL_COST_STARTER,11,B,0,JUST,starter,solo_fit,cost_effective,medium,738636.36,56.93,1,1.48
pyramid_large,pyramid_large__PERIPHERAL_COST_STARTER__012,PERIPHERAL_COST_STARTER,12,B,0,JUST,starter,solo_fit,cost_effective,medium,761363.64,58.07,2,1.52
pyramid_large,pyramid_large__PERIPHERAL_COST_STARTER__013,PERIPHERAL_COST_STARTER,13,B,0,JUST,starter,solo_fit,cost_effective,medium,784090.91,59.2,2,1.57
pyramid_large,pyramid_large__PERIPHERAL_COST_STARTER__014,PERIPHERAL_COST_STARTER,14,B,0,JUST,starter,solo_fit,cost_effective,medium,806818.18,60.34,2,1.61
pyramid_large,pyramid_large__PERIPHERAL_COST_STARTER__015,PERIPHERAL_COST_STARTER,15,B,0,JUST,starter,solo_fit,cost_effective,medium,829545.45,61.48,2,1.66
pyramid_large,pyramid_large__PERIPHERAL_COST_STARTER__016,PERIPHERAL_COST_STARTER,16,B,0,JUST,starter,solo_fit,cost_effective,medium,852272.73,62.61,2,1.7
pyramid_large,pyramid_large__PERIPHERAL_COST_STARTER__017,PERIPHERAL_COST_STARTER,17,B,0,JUST,starter,solo_fit,cost_effective,medium,875000.0,63.75,2,1.75
pyramid_large,pyramid_large__PERIPHERAL_COST_STARTER__018,PERIPHERAL_COST_STARTER,18,B,0,JUST,starter,solo_fit,cost_effective,medium,897727.27,64.89,2,1.8
pyramid_large,pyramid_large__PERIPHERAL_COST_STARTER__019,PERIPHERAL_COST_STARTER,19,B,0,JUST,starter,solo_fit,cost_effective,medium,920454.55,66.02,2,1.84
pyramid_large,pyramid_large__PERIPHERAL_COST_STARTER__020,PERIPHERAL_COST_STARTER,20,B,0,JUST,starter,solo_fit,cost_effective,medium,943181.82,67.16,2,1.89
pyramid_large,pyramid_large__PERIPHERAL_COST_STARTER__021,PERIPHERAL_COST_STARTER,21,B,0,JUST,starter,solo_fit,cost_effective,medium,965909.09,68.3,2,1.93
pyramid_large,pyramid_large__PERIPHERAL_COST_STARTER__022,PERIPHERAL_COST_STARTER,22,B,0,JUST,starter,solo_fit,cost_effective,medium,988636.36,69.43,2,1.98
pyramid_large,pyramid_large__PERIPHERAL_MULTI_CHILD_LARGE__001,PERIPHERAL_MULTI_CHILD_LARGE,1,B,0,IMPROVE,starter_upgrade,multi_child_fit,self_use_comfort,medium,1875000.0,122.08,4,2.04
pyramid_large,pyramid_large__PERIPHERAL_MULTI_CHILD_LARGE__002,PERIPHERAL_MULTI_CHILD_LARGE,2,B,0,IMPROVE,starter_upgrade,multi_child_fit,self_use_comfort,medium,2025000.0,126.25,4,2.12
pyramid_large,pyramid_large__PERIPHERAL_MULTI_CHILD_LARGE__003,PERIPHERAL_MULTI_CHILD_LARGE,3,B,0,IMPROVE,starter_upgrade,multi_child_fit,self_use_comfort,medium,2175000.0,130.42,4,2.21
pyramid_large,pyramid_large__PERIPHERAL_MULTI_CHILD_LARGE__004,PERIPHERAL_MULTI_CHILD_LARGE,4,B,0,IMPROVE,starter_upgrade,multi_child_fit,self_use_comfort,medium,2325000.0,134.58,4,2.29
pyramid_large,pyramid_large__PERIPHERAL_MULTI_CHILD_LARGE__005,PERIPHERAL_MULTI_CHILD_LARGE,5,B,0,IMPROVE,starter_upgrade,multi_child_fit,self_use_comfort,medium,2475000.0,138.75,4,2.38
pyramid_large,pyramid_large__PERIPHERAL_MULTI_CHILD_LARGE__006,PERIPHERAL_MULTI_CHILD_LARGE,6,B,0,IMPROVE,starter_upgrade,multi_child_fit,self_use_comfort,medium,2625000.0,142.92,4,2.46
pyramid_large,pyramid_large__PERIPHERAL_MULTI_CHILD_LARGE__007,PERIPHERAL_MULTI_CHILD_LARGE,7,B,0,IMPROVE,starter_upgrade,multi_child_fit,self_use_comfort,medium,2775000.0,147.08,5,2.54
pyramid_large,pyramid_large__PERIPHERAL_MULTI_CHILD_LARGE__008,PERIPHERAL_MULTI_CHILD_LARGE,8,B,0,IMPROVE,starter_upgrade,multi_child_fit,self_use_comfort,medium,2925000.0,151.25,5,2.62
pyramid_large,pyramid_large__PERIPHERAL_MULTI_CHILD_LARGE__009,PERIPHERAL_MULTI_CHILD_LARGE,9,B,0,IMPROVE,starter_upgrade,multi_child_fit,self_use_comfort,medium,3075000.0,155.42,5,2.71
pyramid_large,pyramid_large__PERIPHERAL_MULTI_CHILD_LARGE__010,PERIPHERAL_MULTI_CHILD_LARGE,10,B,0,IMPROVE,starter_upgrade,multi_child_fit,self_use_comfort,medium,3225000.0,159.58,5,2.79
pyramid_large,pyramid_large__PERIPHERAL_MULTI_CHILD_LARGE__011,PERIPHERAL_MULTI_CHILD_LARGE,11,B,0,IMPROVE,starter_upgrade,multi_child_fit,self_use_comfort,medium,3375000.0,163.75,5,2.88
pyramid_large,pyramid_large__PERIPHERAL_MULTI_CHILD_LARGE__012,PERIPHERAL_MULTI_CHILD_LARGE,12,B,0,IMPROVE,starter_upgrade,multi_child_fit,self_use_comfort,medium,3525000.0,167.92,5,2.96
pyramid_large,pyramid_large__SENIOR_FRIENDLY_COMFORT__001,SENIOR_FRIENDLY_COMFORT,1,A,0,IMPROVE,senior_friendly,eldercare_fit,self_use_comfort,medium,3130000.0,86.75,2,3.05
pyramid_large,pyramid_large__SENIOR_FRIENDLY_COMFORT__002,SENIOR_FRIENDLY_COMFORT,2,A,0,IMPROVE,senior_friendly,eldercare_fit,self_use_comfort,medium,3390000.0,90.25,2,3.15
pyramid_large,pyramid_large__SENIOR_FRIENDLY_COMFORT__003,SENIOR_FRIENDLY_COMFORT,3,A,0,IMPROVE,senior_friendly,eldercare_fit,self_use_comfort,medium,3650000.0,93.75,2,3.25
pyramid_large,pyramid_large__SENIOR_FRIENDLY_COMFORT__004,SENIOR_FRIENDLY_COMFORT,4,A,0,IMPROVE,senior_friendly,eldercare_fit,self_use_comfort,medium,3910000.0,97.25,2,3.35
pyramid_large,pyramid_large__SENIOR_FRIENDLY_COMFORT__005,SENIOR_FRIENDLY_COMFORT,5,A,0,IMPROVE,senior_friendly,eldercare_fit,self_use_comfort,medium,4170000.0,100.75,2,3.45
pyramid_large,pyramid_large__SENIOR_FRIENDLY_COMFORT__006,SENIOR_FRIENDLY_COMFORT,6,A,0,IMPROVE,senior_friendly,eldercare_fit,self_use_comfort,medium,4430000.0,104.25,3,3.55
pyramid_large,pyramid_large__SENIOR_FRIENDLY_COMFORT__007,SENIOR_FRIENDLY_COMFORT,7,A,0,IMPROVE,senior_friendly,eldercare_fit,self_use_comfort,medium,4690000.0,107.75,3,3.65
pyramid_large,pyramid_large__SENIOR_FRIENDLY_COMFORT__008,SENIOR_FRIENDLY_COMFORT,8,A,0,IMPROVE,senior_friendly,eldercare_fit,self_use_comfort,medium,4950000.0,111.25,3,3.75
pyramid_large,pyramid_large__SENIOR_FRIENDLY_COMFORT__009,SENIOR_FRIENDLY_COMFORT,9,A,0,IMPROVE,senior_friendly,eldercare_fit,self_use_comfort,medium,5210000.0,114.75,3,3.85
pyramid_large,pyramid_large__SENIOR_FRIENDLY_COMFORT__010,SENIOR_FRIENDLY_COMFORT,10,A,0,IMPROVE,senior_friendly,eldercare_fit,self_use_comfort,medium,5470000.0,118.25,3,3.95
pyramid_large,pyramid_large__SUBCORE_GENERAL_SCHOOL_STARTER__001,SUBCORE_GENERAL_SCHOOL_STARTER,1,B,1,JUST,starter,three_person_fit,cost_effective,high,917307.69,70.48,2,1.02
pyramid_large,pyramid_large__SUBCORE_GENERAL_SCHOOL_STARTER__002,SUBCORE_GENERAL_SCHOOL_STARTER,2,B,1,JUST,starter,three_person_fit,cost_effective,high,951923.08,71.44,2,1.06
pyramid_large,pyramid_large__SUBCORE_GENERAL_SCHOOL_STARTER__003,SUBCORE_GENERAL_SCHOOL_STARTER,3,B,1,JUST,starter,three_person_fit,cost_effective,high,986538.46,72.4,2,1.1
pyramid_large,pyramid_large__SUBCORE_GENERAL_SCHOOL_STARTER__004,SUBCORE_GENERAL_SCHOOL_STARTER,4,B,1,JUST,starter,three_person_fit,cost_effective,high,1021153.85,73.37,2,1.13
pyramid_large,pyramid_large__SUBCORE_GENERAL_SCHOOL_STARTER__005,SUBCORE_GENERAL_SCHOOL_STARTER,5,B,1,JUST,starter,three_person_fit,cost_effective,high,1055769.23,74.33,2,1.17
pyramid_large,pyramid_large__SUBCORE_GENERAL_SCHOOL_STARTER__006,SUBCORE_GENERAL_SCHOOL_STARTER,6,B,1,JUST,starter,three_person_fit,cost_effective,high,1090384.62,75.29,2,1.21
pyramid_large,pyramid_large__SUBCORE_GENERAL_SCHOOL_STARTER__007,SUBCORE_GENERAL_SCHOOL_STARTER,7,B,1,JUST,starter,three_person_fit,cost_effective,high,1125000.0,76.25,2,1.25
pyramid_large,pyramid_large__SUBCORE_GENERAL_SCHOOL_STARTER__008,SUBCORE_GENERAL_SCHOOL_STARTER,8,B,1,JUST,starter,three_person_fit,cost_effective,high,1159615.38,77.21,2,1.29
pyramid_large,pyramid_large__SUBCORE_GENERAL_SCHOOL_STARTER__009,SUBCORE_GENERAL_SCHOOL_STARTER,9,B,1,JUST,starter,three_person_fit,cost_effective,high,1194230.77,78.17,2,1.33
pyramid_large,pyramid_large__SUBCORE_GENERAL_SCHOOL_STARTER__010,SUBCORE_GENERAL_SCHOOL_STARTER,10,B,1,JUST,starter,three_person_fit,cost_effective,high,1228846.15,79.13,2,1.37
pyramid_large,pyramid_large__SUBCORE_GENERAL_SCHOOL_STARTER__011,SUBCORE_GENERAL_SCHOOL_STARTER,11,B,1,JUST,starter,three_person_fit,cost_effective,high,1263461.54,80.1,2,1.4
pyramid_large,pyramid_large__SUBCORE_GENERAL_SCHOOL_STARTER__012,SUBCORE_GENERAL_SCHOOL_STARTER,12,B,1,JUST,starter,three_person_fit,cost_effective,high,1298076.92,81.06,2,1.44
pyramid_large,pyramid_large__SUBCORE_GENERAL_SCHOOL_STARTER__013,SUBCORE_GENERAL_SCHOOL_STARTER,13,B,1,JUST,starter,three_person_fit,cost_effective,high,1332692.31,82.02,2,1.48
pyramid_large,pyramid_large__SUBCORE_GENERAL_SCHOOL_STARTER__014,SUBCORE_GENERAL_SCHOOL_STARTER,14,B,1,JUST,starter,three_person_fit,cost_effective,high,1367307.69,82.98,3,1.52
pyramid_large,pyramid_large__SUBCORE_GENERAL_SCHOOL_STARTER__015,SUBCORE_GENERAL_SCHOOL_STARTER,15,B,1,JUST,starter,three_person_fit,cost_effective,high,1401923.08,83.94,3,1.56
pyramid_large,pyramid_large__SUBCORE_GENERAL_SCHOOL_STARTER__016,SUBCORE_GENERAL_SCHOOL_STARTER,16,B,1,JUST,starter,three_person_fit,cost_effective,high,1436538.46,84.9,3,1.6
pyramid_large,pyramid_large__SUBCORE_GENERAL_SCHOOL_STARTER__017,SUBCORE_GENERAL_SCHOOL_STARTER,17,B,1,JUST,starter,three_person_fit,cost_effective,high,1471153.85,85.87,3,1.63
pyramid_large,pyramid_large__SUBCORE_GENERAL_SCHOOL_STARTER__018,SUBCORE_GENERAL_SCHOOL_STARTER,18,B,1,JUST,starter,three_person_fit,cost_effective,high,1505769.23,86.83,3,1.67
pyramid_large,pyramid_large__SUBCORE_GENERAL_SCHOOL_STARTER__019,SUBCORE_GENERAL_SCHOOL_STARTER,19,B,1,JUST,starter,three_person_fit,cost_effective,high,1540384.62,87.79,3,1.71
pyramid_large,pyramid_large__SUBCORE_GENERAL_SCHOOL_STARTER__020,SUBCORE_GENERAL_SCHOOL_STARTER,20,B,1,JUST,starter,three_person_fit,cost_effective,high,1575000.0,88.75,3,1.75
pyramid_large,pyramid_large__SUBCORE_GENERAL_SCHOOL_STARTER__021,SUBCORE_GENERAL_SCHOOL_STARTER,21,B,1,JUST,starter,three_person_fit,cost_effective,high,1609615.38,89.71,3,1.79
pyramid_large,pyramid_large__SUBCORE_GENERAL_SCHOOL_STARTER__022,SUBCORE_GENERAL_SCHOOL_STARTER,22,B,1,JUST,starter,three_person_fit,cost_effective,high,1644230.77,90.67,3,1.83
pyramid_large,pyramid_large__SUBCORE_GENERAL_SCHOOL_STARTER__023,SUBCORE_GENERAL_SCHOOL_STARTER,23,B,1,JUST,starter,three_person_fit,cost_effective,high,1678846.15,91.63,3,1.87
pyramid_large,pyramid_large__SUBCORE_GENERAL_SCHOOL_STARTER__024,SUBCORE_GENERAL_SCHOOL_STARTER,24,B,1,JUST,starter,three_person_fit,cost_effective,high,1713461.54,92.6,3,1.9
pyramid_large,pyramid_large__SUBCORE_GENERAL_SCHOOL_STARTER__025,SUBCORE_GENERAL_SCHOOL_STARTER,25,B,1,JUST,starter,three_person_fit,cost_effective,high,1748076.92,93.56,3,1.94
pyramid_large,pyramid_large__SUBCORE_GENERAL_SCHOOL_STARTER__026,SUBCORE_GENERAL_SCHOOL_STARTER,26,B,1,JUST,starter,three_person_fit,cost_effective,high,1782692.31,94.52,3,1.98
pyramid_large,pyramid_large__SUBCORE_IMPROVE_FAMILY__001,SUBCORE_IMPROVE_FAMILY,1,B,1,IMPROVE,improve,three_person_fit,self_use_comfort,medium,2271428.57,96.25,3,2.04
pyramid_large,pyramid_large__SUBCORE_IMPROVE_FAMILY__002,SUBCORE_IMPROVE_FAMILY,2,B,1,IMPROVE,improve,three_person_fit,self_use_comfort,medium,2414285.71,98.75,3,2.11
pyramid_large,pyramid_large__SUBCORE_IMPROVE_FAMILY__003,SUBCORE_IMPROVE_FAMILY,3,B,1,IMPROVE,improve,three_person_fit,self_use_comfort,medium,2557142.86,101.25,3,2.18
pyramid_large,pyramid_large__SUBCORE_IMPROVE_FAMILY__004,SUBCORE_IMPROVE_FAMILY,4,B,1,IMPROVE,improve,three_person_fit,self_use_comfort,medium,2700000.0,103.75,3,2.25
pyramid_large,pyramid_large__SUBCORE_IMPROVE_FAMILY__005,SUBCORE_IMPROVE_FAMILY,5,B,1,IMPROVE,improve,three_person_fit,self_use_comfort,medium,2842857.14,106.25,3,2.32
pyramid_large,pyramid_large__SUBCORE_IMPROVE_FAMILY__006,SUBCORE_IMPROVE_FAMILY,6,B,1,IMPROVE,improve,three_person_fit,self_use_comfort,medium,2985714.29,108.75,3,2.39
pyramid_large,pyramid_large__SUBCORE_IMPROVE_FAMILY__007,SUBCORE_IMPROVE_FAMILY,7,B,1,IMPROVE,improve,three_person_fit,self_use_comfort,medium,3128571.43,111.25,3,2.46
pyramid_large,pyramid_large__SUBCORE_IMPROVE_FAMILY__008,SUBCORE_IMPROVE_FAMILY,8,B,1,IMPROVE,improve,three_person_fit,self_use_comfort,medium,3271428.57,113.75,4,2.54
pyramid_large,pyramid_large__SUBCORE_IMPROVE_FAMILY__009,SUBCORE_IMPROVE_FAMILY,9,B,1,IMPROVE,improve,three_person_fit,self_use_comfort,medium,3414285.71,116.25,4,2.61
pyramid_large,pyramid_large__SUBCORE_IMPROVE_FAMILY__010,SUBCORE_IMPROVE_FAMILY,10,B,1,IMPROVE,improve,three_person_fit,self_use_comfort,medium,3557142.86,118.75,4,2.68
pyramid_large,pyramid_large__SUBCORE_IMPROVE_FAMILY__011,SUBCORE_IMPROVE_FAMILY,11,B,1,IMPROVE,improve,three_person_fit,self_use_comfort,medium,3700000.0,121.25,4,2.75
pyramid_large,pyramid_large__SUBCORE_IMPROVE_FAMILY__012,SUBCORE_IMPROVE_FAMILY,12,B,1,IMPROVE,improve,three_person_fit,self_use_comfort,medium,3842857.14,123.75,4,2.82
pyramid_large,pyramid_large__SUBCORE_IMPROVE_FAMILY__013,SUBCORE_IMPROVE_FAMILY,13,B,1,IMPROVE,improve,three_person_fit,self_use_comfort,medium,3985714.29,126.25,4,2.89
pyramid_large,pyramid_large__SUBCORE_IMPROVE_FAMILY__014,SUBCORE_IMPROVE_FAMILY,14,B,1,IMPROVE,improve,three_person_fit,self_use_comfort,medium,4128571.43,128.75,4,2.96
pyramid_large,pyramid_large__SUBCORE_NONSCHOOL_STARTER__001,SUBCORE_NONSCHOOL_STARTER,1,B,0,JUST,starter,solo_fit,cost_effective,high,664423.08,50.58,1,1.02
pyramid_large,pyramid_large__SUBCORE_NONSCHOOL_STARTER__002,SUBCORE_NONSCHOOL_STARTER,2,B,0,JUST,starter,solo_fit,cost_effective,high,693269.23,51.73,1,1.06
pyramid_large,pyramid_large__SUBCORE_NONSCHOOL_STARTER__003,SUBCORE_NONSCHOOL_STARTER,3,B,0,JUST,starter,solo_fit,cost_effective,high,722115.38,52.88,1,1.1
pyramid_large,pyramid_large__SUBCORE_NONSCHOOL_STARTER__004,SUBCORE_NONSCHOOL_STARTER,4,B,0,JUST,starter,solo_fit,cost_effective,high,750961.54,54.04,1,1.13
pyramid_large,pyramid_large__SUBCORE_NONSCHOOL_STARTER__005,SUBCORE_NONSCHOOL_STARTER,5,B,0,JUST,starter,solo_fit,cost_effective,high,779807.69,55.19,1,1.17
pyramid_large,pyramid_large__SUBCORE_NONSCHOOL_STARTER__006,SUBCORE_NONSCHOOL_STARTER,6,B,0,JUST,starter,solo_fit,cost_effective,high,808653.85,56.35,1,1.21
pyramid_large,pyramid_large__SUBCORE_NONSCHOOL_STARTER__007,SUBCORE_NONSCHOOL_STARTER,7,B,0,JUST,starter,solo_fit,cost_effective,high,837500.0,57.5,1,1.25
pyramid_large,pyramid_large__SUBCORE_NONSCHOOL_STARTER__008,SUBCORE_NONSCHOOL_STARTER,8,B,0,JUST,starter,solo_fit,cost_effective,high,866346.15,58.65,1,1.29
pyramid_large,pyramid_large__SUBCORE_NONSCHOOL_STARTER__009,SUBCORE_NONSCHOOL_STARTER,9,B,0,JUST,starter,solo_fit,cost_effective,high,895192.31,59.81,1,1.33
pyramid_large,pyramid_large__SUBCORE_NONSCHOOL_STARTER__010,SUBCORE_NONSCHOOL_STARTER,10,B,0,JUST,starter,solo_fit,cost_effective,high,924038.46,60.96,1,1.37
pyramid_large,pyramid_large__SUBCORE_NONSCHOOL_STARTER__011,SUBCORE_NONSCHOOL_STARTER,11,B,0,JUST,starter,solo_fit,cost_effective,high,952884.62,62.12,1,1.4
pyramid_large,pyramid_large__SUBCORE_NONSCHOOL_STARTER__012,SUBCORE_NONSCHOOL_STARTER,12,B,0,JUST,starter,solo_fit,cost_effective,high,981730.77,63.27,1,1.44
pyramid_large,pyramid_large__SUBCORE_NONSCHOOL_STARTER__013,SUBCORE_NONSCHOOL_STARTER,13,B,0,JUST,starter,solo_fit,cost_effective,high,1010576.92,64.42,1,1.48
pyramid_large,pyramid_large__SUBCORE_NONSCHOOL_STARTER__014,SUBCORE_NONSCHOOL_STARTER,14,B,0,JUST,starter,solo_fit,cost_effective,high,1039423.08,65.58,2,1.52
pyramid_large,pyramid_large__SUBCORE_NONSCHOOL_STARTER__015,SUBCORE_NONSCHOOL_STARTER,15,B,0,JUST,starter,solo_fit,cost_effective,high,1068269.23,66.73,2,1.56
pyramid_large,pyramid_large__SUBCORE_NONSCHOOL_STARTER__016,SUBCORE_NONSCHOOL_STARTER,16,B,0,JUST,starter,solo_fit,cost_effective,high,1097115.38,67.88,2,1.6
pyramid_large,pyramid_large__SUBCORE_NONSCHOOL_STARTER__017,SUBCORE_NONSCHOOL_STARTER,17,B,0,JUST,starter,solo_fit,cost_effective,high,1125961.54,69.04,2,1.63
pyramid_large,pyramid_large__SUBCORE_NONSCHOOL_STARTER__018,SUBCORE_NONSCHOOL_STARTER,18,B,0,JUST,starter,solo_fit,cost_effective,high,1154807.69,70.19,2,1.67
pyramid_large,pyramid_large__SUBCORE_NONSCHOOL_STARTER__019,SUBCORE_NONSCHOOL_STARTER,19,B,0,JUST,starter,solo_fit,cost_effective,high,1183653.85,71.35,2,1.71
pyramid_large,pyramid_large__SUBCORE_NONSCHOOL_STARTER__020,SUBCORE_NONSCHOOL_STARTER,20,B,0,JUST,starter,solo_fit,cost_effective,high,1212500.0,72.5,2,1.75
pyramid_large,pyramid_large__SUBCORE_NONSCHOOL_STARTER__021,SUBCORE_NONSCHOOL_STARTER,21,B,0,JUST,starter,solo_fit,cost_effective,high,1241346.15,73.65,2,1.79
pyramid_large,pyramid_large__SUBCORE_NONSCHOOL_STARTER__022,SUBCORE_NONSCHOOL_STARTER,22,B,0,JUST,starter,solo_fit,cost_effective,high,1270192.31,74.81,2,1.83
pyramid_large,pyramid_large__SUBCORE_NONSCHOOL_STARTER__023,SUBCORE_NONSCHOOL_STARTER,23,B,0,JUST,starter,solo_fit,cost_effective,high,1299038.46,75.96,2,1.87
pyramid_large,pyramid_large__SUBCORE_NONSCHOOL_STARTER__024,SUBCORE_NONSCHOOL_STARTER,24,B,0,JUST,starter,solo_fit,cost_effective,high,1327884.62,77.12,2,1.9
pyramid_large,pyramid_large__SUBCORE_NONSCHOOL_STARTER__025,SUBCORE_NONSCHOOL_STARTER,25,B,0,JUST,starter,solo_fit,cost_effective,high,1356730.77,78.27,2,1.94
pyramid_large,pyramid_large__SUBCORE_NONSCHOOL_STARTER__026,SUBCORE_NONSCHOOL_STARTER,26,B,0,JUST,starter,solo_fit,cost_effective,high,1385576.92,79.42,2,1.98
